region,gender,name
norden,M,Karl
norden,M,Lars
norden,M,Anders
norden,M,Erik
norden,M,Magnus
norden,M,Henrik
norden,M,Niklas
norden,M,Per
norden,M,Bjorn
norden,M,Sven
norden,M,Mattias
norden,M,Johan
norden,M,Anton
norden,M,Oskar
norden,M,Felix
norden,M,Viggo
norden,M,Jonas
norden,M,Daniel
norden,M,Andreas
norden,M,Ola
norden,F,Astrid
norden,F,Anna
norden,F,Karin
norden,F,Elin
norden,F,Ingrid
norden,F,Linnea
norden,F,Sara
norden,F,Maja
norden,F,Lova
norden,F,Klara
norden,F,Stina
norden,F,Wilma
norden,F,Alva
norden,F,Saga
norden,F,Frida
norden,F,Tilde
norden,F,Ebba
norden,F,Emma
norden,F,Olivia
norden,F,Selma
vesteuropa,M,John
vesteuropa,M,James
vesteuropa,M,Michael
vesteuropa,M,David
vesteuropa,M,William
vesteuropa,M,Thomas
vesteuropa,M,Daniel
vesteuropa,M,Christopher
vesteuropa,M,Andrew
vesteuropa,M,Mark
vesteuropa,M,Klaus
vesteuropa,M,Hans
vesteuropa,M,Wolfgang
vesteuropa,M,Stefan
vesteuropa,M,Pierre
vesteuropa,M,Francois
vesteuropa,M,Mohammed
vesteuropa,M,Marco
vesteuropa,M,Antonio
vesteuropa,M,Pablo
vesteuropa,F,Anna
vesteuropa,F,Sarah
vesteuropa,F,Emma
vesteuropa,F,Lisa
vesteuropa,F,Laura
vesteuropa,F,Sophie
vesteuropa,F,Anke
vesteuropa,F,Petra
vesteuropa,F,Marie
vesteuropa,F,Claire
vesteuropa,F,Isabelle
vesteuropa,F,Camille
vesteuropa,F,Chiara
vesteuropa,F,Giulia
vesteuropa,F,Elena
vesteuropa,F,Lucia
vesteuropa,F,Catherine
vesteuropa,F,Maria
vesteuropa,F,Helena
vesteuropa,F,Charlotte
ost_europa,M,Piotr
ost_europa,M,Tomasz
ost_europa,M,Andrzej
ost_europa,M,Krzysztof
ost_europa,M,Marek
ost_europa,M,Pawel
ost_europa,M,Grzegorz
ost_europa,M,Stanislaw
ost_europa,M,Jakub
ost_europa,M,Lukasz
ost_europa,M,Mateusz
ost_europa,M,Ivan
ost_europa,M,Aleksandr
ost_europa,M,Sergei
ost_europa,M,Vladimir
ost_europa,M,Mikhail
ost_europa,M,Andrius
ost_europa,M,Marius
ost_europa,M,Tadas
ost_europa,M,Marko
ost_europa,F,Anna
ost_europa,F,Katarzyna
ost_europa,F,Magdalena
ost_europa,F,Agnieszka
ost_europa,F,Maria
ost_europa,F,Joanna
ost_europa,F,Beata
ost_europa,F,Monika
ost_europa,F,Olga
ost_europa,F,Natalia
ost_europa,F,Elena
ost_europa,F,Tatiana
ost_europa,F,Svetlana
ost_europa,F,Ksenia
ost_europa,F,Aleksandra
ost_europa,F,Ieva
ost_europa,F,Kristina
ost_europa,F,Vesna
ost_europa,F,Milica
ost_europa,F,Jovana
mena_sor_asia,M,Mohammed
mena_sor_asia,M,Ahmed
mena_sor_asia,M,Ali
mena_sor_asia,M,Omar
mena_sor_asia,M,Hassan
mena_sor_asia,M,Ibrahim
mena_sor_asia,M,Yousef
mena_sor_asia,M,Mahmoud
mena_sor_asia,M,Khalid
mena_sor_asia,M,Mustafa
mena_sor_asia,M,Tariq
mena_sor_asia,M,Imran
mena_sor_asia,M,Faisal
mena_sor_asia,M,Bilal
mena_sor_asia,M,Adnan
mena_sor_asia,M,Reza
mena_sor_asia,M,Amir
mena_sor_asia,M,Farid
mena_sor_asia,M,Hossein
mena_sor_asia,M,Karim
mena_sor_asia,F,Aisha
mena_sor_asia,F,Fatima
mena_sor_asia,F,Khadija
mena_sor_asia,F,Sara
mena_sor_asia,F,Layla
mena_sor_asia,F,Maryam
mena_sor_asia,F,Zainab
mena_sor_asia,F,Noor
mena_sor_asia,F,Hala
mena_sor_asia,F,Rania
mena_sor_asia,F,Zara
mena_sor_asia,F,Sana
mena_sor_asia,F,Samira
mena_sor_asia,F,Yasmin
mena_sor_asia,F,Leila
mena_sor_asia,F,Naima
mena_sor_asia,F,Salma
mena_sor_asia,F,Amira
mena_sor_asia,F,Hiba
mena_sor_asia,F,Dunya
afrika_sub,M,Mohammed
afrika_sub,M,Abdi
afrika_sub,M,Hassan
afrika_sub,M,Abdullahi
afrika_sub,M,Ahmed
afrika_sub,M,Yusuf
afrika_sub,M,Ismail
afrika_sub,M,Ali
afrika_sub,M,Daniel
afrika_sub,M,Yohannes
afrika_sub,M,Tesfaye
afrika_sub,M,Robel
afrika_sub,M,Samuel
afrika_sub,M,Bereket
afrika_sub,M,Adebayo
afrika_sub,M,Chinedu
afrika_sub,M,Kwame
afrika_sub,M,Kofi
afrika_sub,M,Tendai
afrika_sub,M,Sipho
afrika_sub,F,Ayan
afrika_sub,F,Hawa
afrika_sub,F,Amina
afrika_sub,F,Khadra
afrika_sub,F,Fadumo
afrika_sub,F,Asha
afrika_sub,F,Halima
afrika_sub,F,Saido
afrika_sub,F,Senait
afrika_sub,F,Hiwet
afrika_sub,F,Salem
afrika_sub,F,Tigist
afrika_sub,F,Almaz
afrika_sub,F,Hannah
afrika_sub,F,Adaeze
afrika_sub,F,Nneka
afrika_sub,F,Akosua
afrika_sub,F,Abena
afrika_sub,F,Tariro
afrika_sub,F,Nomvula
ost_asia,M,Anh
ost_asia,M,Bao
ost_asia,M,Duc
ost_asia,M,Hoang
ost_asia,M,Khanh
ost_asia,M,Long
ost_asia,M,Minh
ost_asia,M,Nam
ost_asia,M,Phong
ost_asia,M,Quan
ost_asia,M,Tan
ost_asia,M,Tien
ost_asia,M,Tuan
ost_asia,M,Vinh
ost_asia,M,Wei
ost_asia,M,Jun
ost_asia,M,Hao
ost_asia,M,Liang
ost_asia,M,Somchai
ost_asia,M,Anan
ost_asia,F,Linh
ost_asia,F,Mai
ost_asia,F,Huong
ost_asia,F,Hoa
ost_asia,F,Lan
ost_asia,F,Phuong
ost_asia,F,Thao
ost_asia,F,Trang
ost_asia,F,Thuy
ost_asia,F,Yen
ost_asia,F,Mei
ost_asia,F,Lin
ost_asia,F,Xiu
ost_asia,F,Hui
ost_asia,F,Suda
ost_asia,F,Apinya
ost_asia,F,Niran
ost_asia,F,Pim
ost_asia,F,Ploy
ost_asia,F,Saiyud
latam_filippin,M,Carlos
latam_filippin,M,Juan
latam_filippin,M,Jose
latam_filippin,M,Luis
latam_filippin,M,Miguel
latam_filippin,M,Antonio
latam_filippin,M,Diego
latam_filippin,M,Pedro
latam_filippin,M,Manuel
latam_filippin,M,Francisco
latam_filippin,M,Pablo
latam_filippin,M,Sebastian
latam_filippin,M,Alejandro
latam_filippin,M,Mateo
latam_filippin,M,Andres
latam_filippin,M,Rafael
latam_filippin,M,Daniel
latam_filippin,M,Joaquin
latam_filippin,M,Felipe
latam_filippin,M,Hector
latam_filippin,F,Maria
latam_filippin,F,Sofia
latam_filippin,F,Camila
latam_filippin,F,Lucia
latam_filippin,F,Valentina
latam_filippin,F,Isabel
latam_filippin,F,Andrea
latam_filippin,F,Gabriela
latam_filippin,F,Daniela
latam_filippin,F,Ana
latam_filippin,F,Carolina
latam_filippin,F,Beatriz
latam_filippin,F,Mariana
latam_filippin,F,Paula
latam_filippin,F,Rosa
latam_filippin,F,Elena
latam_filippin,F,Cristina
latam_filippin,F,Pilar
latam_filippin,F,Adriana
latam_filippin,F,Ximena
