styrk98_7digit,styrk08_4digit
0111101,0310
0111102,0310
0111103,0310
0111104,0310
0112101,0210
0112102,0110
0112103,0110
0112104,0110
0112105,0110
0112107,0110
0112108,0210
0112109,0210
0112110,0210
0112111,0210
0112112,0210
0112113,0210
0112114,0210
0112115,0210
0112116,0210
0112117,0210
0112118,0210
0113101,0110
0113102,0110
0113103,0110
0113104,0110
0113105,0110
0113106,0110
0113107,0110
0113108,0110
0113109,0110
0113110,0110
0113111,0110
0113112,0110
0113113,0110
0113114,0110
0113115,0110
0113116,0110
0113117,0110
0113118,0110
0113119,0110
0113120,0110
0113121,0110
0113122,0110
0113123,0110
0113124,0110
0113125,0110
0113126,0110
1110101,1111
1110102,1111
1110103,1111
1110104,1111
1110105,1111
1110106,1111
1110107,1111
1110108,1111
1110109,1111
1110110,1111
1110111,1111
1110112,1111
1110113,1111
1110114,1111
1110115,1111
1110116,1111
1110117,1111
1110118,1111
1110119,1111
1110120,1111
1110121,1111
1110122,1111
1110123,1111
1110124,1111
1110125,1111
1110126,1111
1110127,1111
1110128,1111
1110129,1111
1110130,1111
1120101,1112
1120102,1112
1120103,1112
1120104,1112
1120105,1112
1120106,1112
1120107,1112
1120108,1112
1120109,1112
1120110,1112
1120111,1112
1120112,1112
1120113,1112
1120114,1112
1120115,1112
1120116,1112
1120117,1112
1120118,1112
1120119,1112
1120120,1112
1120121,1112
1120122,1112
1120123,1112
1120124,1112
1120125,1112
1120126,1112
1120127,1112
1120128,1112
1120129,1112
1120130,1112
1120131,1112
1120132,1112
1120133,1112
1120134,1112
1120135,1112
1120136,1112
1120137,1112
1120138,1112
1120139,1112
1120140,1112
1120141,1112
1120142,1112
1120143,1112
1120144,1112
1120145,1112
1120146,1112
1120147,1112
1120148,1112
1120149,1112
1120150,1112
1120151,1112
1120152,1112
1120153,1112
1120154,1112
1141101,1114
1141102,1114
1141103,1114
1141104,1114
1141105,1114
1141106,1114
1141107,1114
1141108,1114
1141109,1114
1141110,1114
1141111,1114
1142101,1114
1142102,1114
1142103,1114
1142104,1114
1142105,1114
1142106,1114
1142107,1114
1142108,1114
1142109,1114
1142110,1114
1142111,1114
1142112,1114
1142113,1114
1142114,1114
1142115,1114
1142116,1114
1143101,1114
1143102,1114
1143103,1114
1143104,1114
1143105,1212
1143106,1114
1143107,1114
1143108,1114
1143109,1114
1143110,1114
1143111,1114
1143112,1114
1143113,1114
1210101,1120
1210102,1439
1210103,1439
1210104,1431
1210105,1323
1210106,1420
1210107,1120
1210108,1120
1210109,1120
1210110,1120
1210111,1321
1210112,1311
1210114,1120
1210115,1120
1210116,1342
1210117,1120
1210118,1120
1210119,1120
1210120,1120
1210121,1120
1210122,1120
1210123,1321
1210124,1349
1210125,1120
1210126,1321
1210127,1420
1210128,1345
1210129,1349
1210131,1120
1210132,1349
1210133,1120
1210134,1420
1210135,1431
1210136,1120
1210137,1120
1210139,1120
1210140,1431
1210141,1420
1210142,1431
1210143,1342
1210144,1349
1210145,1343
1210146,1344
1210147,1341
1210148,1412
1210149,1120
1210150,1120
1210151,1120
1210153,1120
1210154,1120
1210155,1120
1210156,1120
1210157,1324
1210159,1120
1210160,1219
1210161,1120
1210162,1120
1210163,1120
1210164,1120
1210166,1120
1210167,1349
1210168,1120
1210170,1321
1210171,1120
1210172,1120
1210173,1120
1210174,1120
1210175,1120
1210177,1120
1210178,1120
1210179,1120
1210180,1120
1210182,1349
1210183,1120
1210184,1349
1210185,1431
1210186,1120
1210187,1120
1210188,1120
1210189,1120
1210190,1120
1210191,1120
1210192,1346
1210193,1120
1210194,1120
1210195,1120
1210196,1120
1210197,1420
1210199,1420
1210200,1420
1210201,1330
1210202,1439
1210203,1120
1210204,1120
1210205,1120
1210206,1420
1210207,1341
1210208,1342
1210209,1120
1210210,1349
1210211,1120
1210212,1120
1210213,1120
1210214,1120
1210215,1120
1210216,1120
1210217,1120
1210218,1120
1210219,1120
1210220,1120
1210221,1120
1210222,1120
1221101,1311
1221102,1311
1221103,1311
1221104,1311
1221105,1311
1221106,1311
1221107,1312
1221108,1311
1221110,1311
1221111,1311
1221112,1311
1221113,1311
1221114,1311
1221115,1311
1221116,1311
1221117,1312
1221118,1321
1221119,1321
1221120,1311
1221121,1311
1221122,1311
1221123,1311
1221124,1311
1221125,1311
1221126,1311
1221127,1311
1221128,1311
1221129,1312
1221130,1312
1221131,1312
1221132,1312
1221133,1312
1221134,1312
1221135,1312
1221136,1312
1221137,1312
1221138,1312
1221139,1219
1221140,1219
1222101,1322
1222102,1322
1222103,1322
1222104,1322
1222105,1322
1222106,1322
1222107,1321
1222108,1321
1222109,1321
1222110,1321
1222111,1321
1222112,1321
1222113,1321
1222114,1322
1222115,1322
1222116,3134
1222117,1322
1222118,1321
1222119,1322
1222120,1322
1222121,1321
1222122,1322
1222123,1321
1222124,1321
1222125,1322
1222126,1321
1222127,1322
1222128,1322
1222129,1321
1222130,1321
1222131,1321
1222132,1321
1222133,1322
1222134,1321
1222135,3121
1222136,1322
1222137,1322
1222138,1322
1222139,1322
1222140,1322
1222141,1322
1222142,1322
1222143,1322
1222144,1321
1222145,1321
1222146,1322
1222147,1322
1222148,1321
1222149,1322
1222150,1321
1222151,1321
1222152,1322
1222153,1321
1222154,1349
1222155,1349
1222156,1349
1222157,1349
1222158,1349
1222159,1349
1222160,1321
1222161,1322
1222162,1322
1222163,1321
1222164,1322
1222165,1321
1222166,1349
1222167,1349
1222168,1349
1222169,1322
1222170,1321
1223101,1323
1223102,1323
1223103,1323
1223104,1323
1223105,1323
1223106,1323
1223107,1323
1223108,1323
1223109,1323
1223110,1323
1223111,1323
1223112,1323
1223113,1323
1223114,1323
1223115,1323
1223116,1323
1223117,1323
1223118,1323
1223119,1324
1223120,1324
1223121,1324
1223122,1323
1223123,1323
1223124,1323
1224101,1412
1224102,1412
1224103,1412
1224104,1411
1224105,1412
1224106,1420
1224107,1420
1224108,1411
1224109,1420
1224110,1411
1224111,1412
1224112,1412
1224113,1412
1224114,1420
1224115,1411
1224116,1420
1224117,1420
1224118,1420
1224119,1420
1224120,1420
1224121,1420
1224122,1420
1224123,1120
1224124,1420
1224125,1420
1224126,1411
1224127,1411
1224128,1411
1224129,1411
1224130,1411
1224131,1412
1224132,1412
1224133,1412
1224134,1412
1224135,1412
1224136,1412
1224137,1412
1224138,1420
1224139,1411
1224140,1412
1225101,1324
1225102,1324
1225103,1324
1225104,1324
1225105,1349
1225106,1324
1225107,1324
1225108,1324
1225109,1324
1225110,1324
1225111,1324
1225112,1324
1225113,1324
1225114,1324
1225115,1324
1225116,1324
1225117,1324
1225118,1324
1225119,1324
1225120,1324
1225121,1324
1225122,1324
1225123,1324
1225124,1324
1225125,1324
1225126,1324
1225127,1324
1225128,1324
1225129,1324
1225130,1324
1225131,1324
1225132,1324
1225133,1324
1225134,1324
1225135,1324
1225136,1324
1225137,1324
1225138,1324
1225139,1324
1225140,1324
1225141,1324
1225142,1324
1225143,1324
1225144,1324
1225145,1324
1225146,1324
1225147,1324
1225148,1324
1225150,1324
1225151,1324
1225152,1219
1225153,1324
1225154,1324
1225155,1324
1225156,1324
1225157,1324
1225158,1324
1225159,1324
1225160,1324
1226101,1346
1226102,1324
1226103,1346
1226104,1346
1226105,1346
1226106,1346
1226107,1346
1226108,1346
1226110,1346
1226111,1346
1226112,1211
1226113,1219
1226114,1219
1226115,1346
1226116,1346
1226117,1346
1226118,1346
1226119,1211
1226120,1346
1226121,1346
1226122,1219
1226123,1346
1226124,1346
1226125,1346
1226126,1346
1226127,1346
1226128,1346
1226129,1346
1226130,1346
1226131,1346
1226132,1346
1226133,2112
1226134,2112
1226135,1349
1226136,1223
1226137,1219
1226138,1223
1226139,1349
1226140,1330
1226141,1346
1226142,1219
1226143,1346
1226144,1219
1226145,1219
1226146,1219
1226147,1219
1226148,1219
1226149,1219
1226150,1219
1226151,1346
1226152,1346
1226153,1346
1226154,1346
1226155,1219
1227101,1219
1227102,1349
1227103,1219
1227104,1349
1227105,1349
1227107,1219
1227108,1349
1227109,1349
1227110,1349
1227111,1345
1227112,1345
1227114,1344
1227115,1342
1227116,1311
1227118,1345
1227120,1349
1227121,1349
1227122,1431
1227123,1311
1227124,1342
1227125,1342
1227126,1349
1227127,1311
1227128,1345
1227129,1342
1227130,1342
1227131,1324
1227132,1311
1227134,1213
1227135,1120
1227136,1213
1227137,1324
1227138,1431
1227139,1431
1227140,1431
1227141,1324
1227142,1311
1227144,1349
1227145,1349
1227146,1349
1227147,1342
1227148,1342
1227149,1349
1227150,1349
1227151,1349
1227152,1341
1227153,1219
1227154,1213
1227155,1219
1227156,1349
1227157,1349
1227158,1213
1227159,1349
1227160,1349
1227161,1311
1227163,1213
1227164,1349
1227166,1342
1227167,1431
1227168,1219
1227169,1219
1227170,1211
1227171,1341
1227172,1349
1227173,1349
1227174,1349
1227175,1311
1227176,1342
1227177,1311
1227178,1311
1227179,1342
1227180,1311
1227181,1345
1227182,1219
1227183,1213
1227184,1213
1227185,1213
1227186,1349
1227187,1219
1227188,1219
1227189,3355
1227190,1219
1227191,1431
1227192,1349
1227193,1349
1227194,1312
1227195,1342
1227196,1341
1227197,1312
1227198,1349
1227199,1349
1227200,1323
1227201,1349
1227202,1349
1227203,1323
1227204,1349
1227205,1349
1227206,1219
1227207,1342
1227208,1342
1227209,1349
1227210,1324
1227212,1219
1227213,1323
1227214,1323
1227215,1219
1227216,1431
1227217,1349
1227218,1213
1227219,1349
1227220,1431
1227221,1219
1227222,1349
1227223,1311
1227224,1349
1227226,1219
1227227,1219
1227228,1219
1227229,1323
1227230,1342
1227231,1345
1227233,1312
1227235,1349
1227236,1346
1227239,1211
1227240,1211
1227241,1311
1227243,1349
1227244,1219
1227245,1219
1227246,1219
1227247,1112
1227248,1219
1227249,1349
1227250,1349
1227251,1342
1227252,2611
1227253,1219
1227255,1346
1227256,1349
1227257,1349
1227258,1346
1227259,1349
1227260,1349
1227261,1349
1227262,1349
1227263,1349
1227264,1349
1227265,1349
1227266,1349
1227267,1343
1227268,1219
1227269,1349
1227270,1219
1227271,1111
1227272,1346
1227273,1342
1227274,1341
1227275,1342
1227276,1342
1227277,1342
1227278,1343
1227279,1343
1227280,1343
1227281,1344
1227282,1344
1227283,1344
1227284,1344
1227285,1344
1227286,1345
1227287,1345
1227288,1345
1227289,1219
1227290,1349
1227291,1112
1227292,1213
1227293,1349
1227294,1349
1227295,1219
1227296,1213
1227297,1213
1227298,1213
1227299,1213
1227300,1219
1227301,1213
1227302,1213
1227303,1213
1227304,1213
1228101,1342
1228102,1345
1228103,1342
1228104,1343
1228105,1345
1228106,1341
1228107,1343
1228108,1342
1228109,1341
1228111,1345
1228112,1343
1228113,1342
1228114,1345
1228116,1343
1228117,1343
1228118,1342
1228119,1342
1228120,1342
1228121,1345
1228122,1341
1228123,1341
1228125,1345
1228126,1345
1228127,1345
1228129,1342
1228130,1342
1228131,1345
1228132,1345
1228133,1342
1228134,1342
1228135,1345
1228136,1342
1228137,1345
1228139,1342
1228140,1342
1228141,1342
1228142,1311
1228143,1342
1228146,1342
1228147,1343
1228148,1342
1228149,1342
1228150,1342
1228151,1341
1228152,1344
1228153,1342
1228154,1343
1228155,1342
1228156,1342
1228157,1342
1228158,1342
1228159,1342
1228160,1342
1228161,1342
1228162,1342
1228163,1342
1228164,1342
1228165,1342
1228166,1342
1228167,1342
1228168,1120
1228169,1343
1228170,1344
1228171,1344
1228172,1344
1228173,1344
1228174,1344
1228175,1344
1228176,1344
1228177,1344
1228178,1344
1228179,1344
1228180,1344
1228181,1344
1228182,1344
1228183,1344
1228184,1344
1228185,1344
1228186,1344
1228187,1344
1228188,1344
1228189,1345
1228190,1345
1228191,1345
1228192,1345
1228193,1345
1228194,1345
1228195,1341
1228196,1345
1228197,1345
1228198,1342
1228199,1341
1228200,1223
1229101,1439
1229102,1439
1229103,1431
1229104,1431
1229105,1439
1229106,1344
1229107,1344
1229108,1431
1229109,1431
1229110,1120
1229111,1431
1229112,1344
1229114,1431
1229115,1431
1229117,1431
1229118,1431
1229119,1349
1229120,1114
1229121,1219
1229122,1114
1229123,1431
1229124,1431
1229125,1431
1229126,1344
1229127,1344
1229128,1344
1229129,1431
1229130,1431
1229131,1114
1229132,1431
1229133,1439
1229134,1439
1229135,1431
1229136,1431
1229137,1219
1229138,1431
1229139,1431
1231102,1346
1231103,1219
1231104,1211
1231105,1211
1231106,1211
1231108,1211
1231109,1211
1231110,1211
1231111,1211
1231113,1212
1231114,1213
1231115,1211
1231116,1211
1231117,1211
1231118,1211
1231119,3341
1231120,1211
1231121,1211
1231122,1211
1231123,1211
1231124,1211
1231125,1211
1231126,1219
1231127,1211
1231128,1211
1231129,1211
1231130,1211
1231131,1211
1231132,1219
1231133,1211
1231134,1211
1231135,1211
1231136,1211
1232101,1345
1232102,1212
1232103,1212
1232104,1212
1232105,1212
1232106,1219
1232107,1219
1232108,1219
1232109,1212
1232110,1219
1232111,1212
1232112,1212
1232113,1212
1232114,1211
1232115,1212
1232116,1212
1232117,1212
1233101,1221
1233102,1221
1233103,1221
1233104,1221
1233105,1221
1233106,1324
1233107,1221
1233108,1221
1234101,1222
1234102,1222
1234103,1221
1234104,1221
1234105,1222
1234106,1221
1234107,1222
1234108,1222
1234109,1221
1234110,1222
1234111,1222
1234112,1221
1234113,1221
1234114,1222
1234115,1222
1235101,1221
1235102,1324
1235103,1324
1235104,1324
1235105,1324
1235106,1324
1235107,1324
1235108,1324
1235109,1324
1235110,1221
1235111,1324
1235112,1324
1236101,1330
1236102,1330
1236103,1330
1236104,1330
1236105,1330
1236106,1330
1236107,1330
1236108,1330
1236109,1330
1236110,1330
1236111,1330
1236112,1330
1236113,1330
1236114,1330
1236115,1330
1236116,1330
1237101,1223
1237102,1223
1237103,1223
1237104,1223
1237105,1223
1237107,1223
1237108,1223
1237110,1223
1239101,1219
1239102,3341
1239104,1213
1239105,2611
1239106,1219
1239107,1321
1239108,1349
1239109,1349
1239111,1431
1239112,1219
1239113,1223
1239114,1349
1239115,1349
1239116,1213
1239117,1349
1239118,1349
1239119,1219
1239120,1219
1239121,1219
1239122,1349
1239123,1349
1310101,1120
1310102,1120
1310103,1120
1310104,1219
1311101,1311
1311102,1311
1311103,1311
1311104,1311
1311105,1312
1311106,1311
1311107,1312
1311108,1120
1311109,1219
1311110,1311
1312101,1321
1312102,1349
1312103,1349
1312104,1321
1312105,1321
1312106,1321
1312107,1322
1312108,1321
1312109,1321
1312110,1321
1312111,1321
1312112,1219
1312113,1349
1312114,1349
1312115,1321
1312116,1321
1313101,1323
1313102,1323
1313103,1323
1313104,1323
1313106,1323
1314101,1420
1314102,1420
1314103,1420
1314104,1420
1314105,1420
1314106,1420
1314107,1120
1314108,1420
1314109,1420
1314110,1420
1314111,1420
1315101,1412
1315102,1439
1315103,3434
1315104,1411
1315105,1411
1315106,1411
1315107,1412
1315108,5151
1315109,1439
1315110,1219
1315111,1219
1315112,1412
1315113,1411
1316101,1324
1316102,1324
1316103,1324
1316104,1324
1316105,1219
1317101,1346
1317103,1211
1317104,1346
1317105,1219
1317106,1349
1317107,1346
1317108,1346
1317109,1219
1317110,1439
1317111,1330
1317112,1223
1317113,1346
1317114,1219
1317115,1346
1317116,1222
1317117,1219
1317118,1346
1317119,1219
1317120,1219
1317121,1219
1317122,1219
1317123,1219
1318101,1439
1318103,1219
1318104,1439
1318105,1439
1318106,1439
1318107,1439
1318108,1439
1318109,1219
1318110,1439
1318111,1120
1318112,1219
1318113,1431
1319101,1342
1319102,1342
1319103,1431
1319104,1431
1319105,1343
1319106,1341
1319107,1341
1319108,1341
1319109,1344
1319111,1345
1319112,1431
1319113,1345
1319114,1345
1319115,1343
1319116,1342
1319117,1341
1319118,1349
1319119,1431
1319120,1120
1319121,1219
1319122,1345
1319123,1344
1319124,1349
1319125,1345
1319126,1342
1319127,1431
1319128,1439
1319129,1344
1319130,1431
2111101,2111
2111102,2111
2111103,2111
2111104,2111
2111105,2111
2111106,2111
2111107,2111
2111108,2111
2111109,2111
2112101,2112
2112102,2112
2112103,2114
2112104,2112
2112105,2112
2112106,2112
2112107,2112
2112108,2112
2112109,2112
2113101,2113
2113102,2113
2113103,2113
2113104,2113
2113105,2113
2113107,2113
2113108,2114
2113109,2113
2113110,2113
2113111,2113
2114101,2114
2114102,2114
2114103,2114
2114104,2114
2114105,2114
2114106,2114
2114107,2114
2114108,2114
2114109,2114
2114110,2114
2114111,2114
2114112,2114
2114113,2114
2114114,2114
2114115,2114
2114116,2114
2114117,2114
2114118,2114
2121101,2120
2121102,2120
2121103,2120
2121104,2120
2121105,2120
2121106,2120
2122101,2120
2122102,2120
2122103,2120
2122104,2120
2122105,2120
2122106,2120
2122107,2120
2122108,2120
2122109,2120
2130101,2521
2130102,2512
2130103,2521
2130104,2512
2130105,2522
2130106,2511
2130107,2511
2130108,2511
2130109,2511
2130110,3514
2130111,2511
2130112,3512
2130113,2511
2130114,2522
2130115,2522
2130117,2519
2130119,2529
2130120,2519
2130121,2529
2130122,2511
2130123,2519
2130124,2511
2130125,2519
2130126,2519
2130128,2511
2130129,2511
2130130,2519
2130131,2511
2130132,2511
2130133,2511
2130134,3512
2130135,2512
2130136,3512
2130137,2519
2130138,3514
2130139,3514
2130140,3514
2130141,2513
2130142,2511
2130143,2511
2130144,2511
2130145,2511
2130146,2511
2130147,2511
2130148,2513
2130149,2513
2130150,2513
2130151,2512
2130152,2512
2130153,2511
2130154,2434
2130155,2511
2130156,2511
2130157,2513
2130158,2513
2130159,2513
2130160,2514
2130161,2519
2130162,2519
2130163,2519
2130164,2521
2130165,2522
2130166,2522
2130167,2523
2130168,2529
2130169,2511
2130170,2511
2130171,2513
2130172,2513
2130173,2512
2130174,2511
2130175,2511
2130176,2511
2130177,2519
2130178,2511
2130179,2512
2130180,2512
2130181,2511
2130182,2511
2130183,2511
2130184,2511
2130185,2511
2130186,2519
2141102,2161
2141103,2161
2141104,2161
2141105,2164
2141106,2161
2141107,2164
2141108,2133
2141109,2164
2141110,2162
2141111,2162
2141112,2162
2141113,2164
2141114,2164
2141115,2161
2141116,2163
2141117,2162
2141118,2161
2141119,2161
2141120,2161
2141121,2161
2141122,2161
2141123,2142
2141124,2142
2141125,2164
2141126,2164
2141127,2164
2141128,2161
2141129,2161
2141130,2162
2141131,2161
2142101,2142
2142102,2142
2142103,2142
2142104,2142
2142105,2142
2142106,2142
2142107,2142
2142108,2142
2142109,2142
2142110,2142
2142111,2142
2142112,2142
2142113,2142
2142114,2142
2142115,2142
2142116,2142
2142117,2142
2142118,2142
2142119,2142
2142120,2142
2142121,2142
2142122,2142
2142123,2142
2142124,2142
2142125,2142
2142126,2142
2142127,2142
2142128,2142
2142129,2142
2142130,2142
2142131,2142
2142132,2142
2143101,2151
2143102,2151
2143103,2151
2143104,2151
2143106,2151
2143107,2151
2143108,2151
2143109,2151
2143110,2151
2143111,2151
2143112,2151
2143113,2151
2143114,2151
2143115,2151
2143116,2151
2143117,2151
2143118,2151
2143119,2151
2143120,2151
2143121,2151
2143122,2151
2143123,2151
2143124,2151
2143125,2151
2143126,2151
2143127,2151
2144101,2152
2144102,2152
2144103,2152
2144104,2152
2144105,2152
2144106,2152
2144107,2152
2144108,2152
2144109,2152
2144110,2152
2144111,2152
2144112,2152
2144113,2152
2144114,2152
2144115,2152
2144116,2152
2144117,2152
2144118,2152
2144119,2152
2144120,2152
2144121,2152
2144122,2152
2144123,2152
2144124,2152
2144125,2152
2144126,2152
2144127,2152
2144128,2152
2144129,2152
2144130,2152
2144131,2152
2144132,2152
2144133,2153
2144134,2153
2144135,2153
2144136,2153
2144137,2153
2144138,2153
2144139,2153
2144140,2153
2144141,2153
2144142,2153
2144143,2153
2144144,2153
2144145,2153
2144146,2153
2144147,2153
2144148,2153
2144149,2153
2144150,2153
2144151,2153
2144152,2153
2144153,2153
2144154,2153
2144155,2153
2144156,2153
2144157,2153
2144158,2153
2144159,2153
2144160,2153
2145101,2144
2145102,2144
2145103,2144
2145104,2144
2145105,2144
2145106,2144
2145107,2144
2145108,2149
2145109,2146
2145110,2144
2145111,2144
2145112,2144
2145113,2144
2145114,2144
2145115,2144
2145116,2144
2145117,2144
2145118,2144
2145119,2144
2145120,2144
2145121,2144
2145122,2144
2145123,2144
2145124,2144
2145125,2144
2145126,2144
2145127,2144
2145128,2144
2145129,2144
2145130,2144
2146101,2145
2146102,2145
2146103,2145
2146104,2145
2146105,2145
2146106,2145
2146107,2145
2146108,2145
2146109,2145
2146110,2145
2146111,2145
2146112,2145
2146113,2145
2146114,2145
2146115,2145
2146116,2145
2146117,2145
2146118,2145
2146119,2145
2146120,2145
2146122,2145
2146123,2145
2146124,2145
2147101,2146
2147102,2146
2147103,2146
2147104,2146
2147105,2146
2147106,2146
2147107,2146
2147108,2146
2147109,2146
2147110,2146
2147111,2146
2147112,2146
2147113,2146
2147114,2146
2147115,2146
2147116,2146
2147117,2146
2147118,2146
2147119,2146
2147120,2146
2147121,2146
2147122,2146
2147123,2146
2147124,2146
2147125,2146
2147126,2146
2147127,2146
2147128,2146
2147129,2146
2147130,2146
2147131,2146
2147132,2146
2147133,2146
2147134,2146
2147135,2146
2147136,2146
2147137,2146
2147138,2146
2147139,2146
2147140,2146
2147142,2146
2147143,2146
2147144,2146
2147145,2146
2147146,2146
2147147,2146
2147148,2146
2147149,2146
2147150,2146
2147151,2146
2147152,2146
2147153,2146
2147154,2146
2147155,2146
2147156,2146
2147157,2146
2147158,2146
2147159,2146
2147160,2146
2147161,2146
2147162,2146
2147163,2146
2147164,2146
2147165,2146
2147166,2146
2147167,2146
2148102,2165
2148103,2165
2148104,2165
2148105,2165
2148106,2165
2148107,2165
2148108,2165
2148109,2165
2148110,2165
2148111,2165
2148112,2164
2148113,2165
2148114,2165
2148115,2165
2148117,2165
2148118,2165
2148119,2165
2148120,2165
2148121,2165
2148122,2165
2148123,2165
2148124,2165
2148125,2165
2148126,2165
2148127,2164
2149101,2149
2149102,2164
2149103,2120
2149104,2111
2149105,2143
2149106,2141
2149107,2143
2149108,2143
2149109,2145
2149110,2141
2149111,2141
2149112,2141
2149113,2141
2149114,2141
2149115,2141
2149116,2141
2149117,2141
2149118,2146
2149119,2149
2149120,2149
2149121,2149
2149122,2149
2149123,2149
2149124,2149
2149125,2149
2149126,2149
2149127,2149
2149128,2133
2149129,2144
2149130,2144
2149131,2144
2149132,2144
2149133,2149
2149134,2149
2149135,2143
2149136,2141
2149137,2163
2149138,2149
2149139,2141
2149140,2142
2149141,2149
2149142,2149
2149143,2144
2149144,2144
2211101,2131
2211102,2131
2211103,2131
2211104,2131
2211105,2131
2211106,2131
2211107,2131
2211108,2131
2211109,2131
2211110,2131
2211111,2131
2211112,2131
2211113,2131
2211114,2131
2211115,2131
2211116,2131
2211117,2131
2211118,2131
2211119,2131
2211120,2131
2211121,2131
2211122,2131
2211123,2131
2211124,2131
2211125,2131
2211126,2131
2211127,2131
2211128,2131
2212102,2132
2212103,2132
2212104,2132
2212105,2132
2212106,2132
2212107,2132
2212108,2132
2212109,2132
2212110,2132
2212111,2132
2212112,2132
2212113,2132
2212114,2132
2212115,2132
2212116,2132
2212117,2132
2212118,2132
2212119,2132
2212120,2132
2212121,2132
2212122,2132
2212123,2132
2212124,2132
2212125,2132
2212126,2132
2212127,2132
2221101,2211
2221102,2211
2221103,2212
2221104,2212
2221105,2211
2221106,2212
2221107,2212
2221108,2212
2221109,2211
2221110,2211
2221111,2212
2221112,2212
2221113,2212
2221114,2212
2221115,2212
2221116,2212
2221117,2211
2221118,2212
2221120,2211
2221121,2211
2221122,2212
2221123,2211
2221124,2261
2221125,2212
2221126,2212
2221127,2212
2221128,2212
2221129,2211
2221130,2212
2221132,2212
2221133,2212
2221134,2211
2221135,2211
2221136,2211
2221137,2211
2221138,2211
2221139,2211
2221140,2211
2221141,2212
2221142,2211
2221143,2212
2221144,2212
2221145,2212
2221146,2212
2221147,2212
2221148,2212
2221149,2212
2221150,2211
2221151,2212
2221152,2212
2221153,2212
2221154,2212
2222101,2261
2222102,2261
2222103,2261
2222104,2261
2222106,2261
2222107,2261
2222109,2261
2222110,2261
2222111,2261
2222112,2261
2222113,2261
2222114,2261
2222115,2261
2222116,2261
2222117,2261
2223101,2250
2223102,2250
2223103,2250
2223104,2250
2223105,2250
2223106,2250
2223107,2250
2223108,2250
2223109,2250
2223110,2250
2223111,2250
2223112,2250
2223113,2250
2224101,1420
2224102,2262
2224103,2262
2224104,2262
2224105,2262
2224106,2262
2224107,2262
2224108,2262
2224109,2262
2224110,2262
2224111,2262
2224112,2262
2225101,2265
2225102,2265
2225103,2265
2225104,2265
2230101,2221
2230102,2222
2230103,2221
2230104,2221
2230105,2222
2230106,2223
2230107,2221
2230108,2222
2230109,2221
2230110,2221
2230111,2222
2230112,2221
2230113,1342
2230114,2221
2230115,2221
2230116,2221
2230117,2221
2230118,2221
2230119,2221
2230120,2222
2230121,2221
2230122,2221
2230123,2221
2230124,1342
2230125,2222
2230126,2221
2230127,2221
2230128,2221
2230129,2221
2230130,2221
2310101,2310
2310102,2310
2310103,2310
2310104,2310
2310105,2310
2310106,2310
2310107,2310
2310108,2310
2310111,2310
2310112,2310
2310113,2310
2310114,2310
2310115,2310
2310116,2310
2310117,2310
2310118,2310
2310119,2310
2310120,2310
2310121,2310
2310122,2310
2310123,2310
2310124,2310
2310125,2310
2310126,2310
2320102,2330
2320103,2330
2320104,2330
2320105,2330
2320106,2330
2320107,2330
2320108,2330
2320109,2320
2320110,2330
2320111,2330
2320112,2330
2340101,2266
2340102,2352
2340103,2352
2340104,2352
2340105,2352
2340106,2359
2340107,2352
2351101,2310
2351102,2330
2351103,2351
2351104,2351
2351105,2621
2351106,2621
2352101,2351
2352102,2351
2352103,2351
2352104,2330
2352105,2351
2352106,2351
2352107,2330
2352108,2351
2352109,2330
2352110,2351
2352111,2359
2352112,2330
2352113,1345
2352114,2351
2352115,2310
2352116,2310
2352117,2310
2352118,2424
2352119,2424
2352120,2424
2352121,2351
2352122,2351
2352123,2359
2352124,2359
2352125,2359
2359101,2359
2359102,2354
2359103,2354
2359104,2354
2411101,2422
2411102,2422
2411103,2422
2411104,2422
2411105,2422
2411106,2422
2411107,2422
2411108,2422
2411109,2422
2411110,2422
2411111,2422
2411112,2422
2411113,2422
2411114,2422
2411115,2422
2411116,2422
2411117,2422
2411118,2422
2411119,2422
2411120,2422
2411121,2422
2411122,2422
2411123,2153
2411124,2422
2411125,2422
2412102,2422
2412103,2422
2412104,2422
2412105,2619
2412106,2422
2412107,2422
2412108,2422
2412109,2619
2412110,2422
2412111,2422
2412112,2422
2412113,2422
2412114,2422
2412115,2422
2412116,2422
2412117,2422
2412118,2422
2412119,2422
2412120,2422
2412121,2422
2412122,2422
2412123,2619
2412124,2619
2412125,2422
2412126,2422
2412127,2611
2412128,2422
2412129,2619
2412130,2422
2412131,2619
2413101,2422
2413102,2422
2413103,2422
2413104,2422
2413105,2133
2413106,2422
2413107,2422
2413108,2422
2413109,2422
2413110,2422
2413111,2422
2413113,2133
2413114,2422
2413115,2422
2413116,2422
2413117,2422
2413118,2422
2413119,2422
2413120,2422
2413121,2422
2413122,2422
2413123,2133
2413124,2422
2413125,2422
2413126,2422
2413127,2422
2413128,2422
2413129,2133
2413130,2133
2413131,2133
2413132,2133
2419101,2422
2419105,2422
2419106,2422
2419107,2422
2419108,2422
2419109,2422
2419110,2422
2419111,2422
2419112,2422
2419113,2422
2419114,2422
2419115,2422
2419116,2422
2419117,2422
2419118,2422
2419119,2422
2419120,2422
2419121,2432
2511102,3313
2511103,2411
2511104,2411
2511105,3313
2511106,3313
2511107,3313
2511108,2411
2511109,2411
2511110,3313
2511111,2411
2511112,2411
2511113,3313
2511114,2411
2511115,2411
2511116,2411
2511117,2411
2511118,2413
2511119,2411
2511120,3313
2512101,2421
2512102,2421
2512104,2423
2512105,2423
2512106,2421
2512107,2423
2512108,2423
2512109,2421
2512110,2421
2512111,2423
2512112,2421
2512113,2421
2512114,2421
2512115,2412
2512116,2423
2512117,2423
2512118,2421
2512119,2421
2512120,2423
2512121,2423
2512122,2423
2512124,2412
2512125,2421
2512126,2423
2512128,2421
2512129,2423
2512130,2423
2512131,2421
2512132,2421
2512133,2421
2512134,2423
2512135,2421
2512136,2421
2512137,2423
2512138,2421
2512139,2421
2512140,2424
2512141,2421
2512142,2423
2512143,2421
2512144,2421
2512145,2421
2512146,2422
2512147,2422
2512148,2423
2512149,2423
2512150,2424
2512151,2422
2512152,2422
2512153,2423
2512154,2422
2512155,2423
2512156,2421
2512157,2421
2512158,2422
2512159,2422
2512160,2421
2512161,2423
2512162,2423
2512163,2423
2512164,2424
2512165,2423
2512166,2423
2519101,2413
2519102,2413
2519103,2511
2519105,2413
2519106,2413
2519107,2413
2519108,2413
2519109,2412
2519110,2413
2519111,2413
2519112,2413
2519113,2413
2519114,2413
2519115,2413
2519116,2413
2519117,2413
2519118,2413
2519119,2413
2519120,2413
2519121,2413
2519122,2413
2519123,2413
2519124,2413
2519125,2413
2519126,2413
2519127,2413
2519128,2424
2519129,2413
2519130,2413
2519131,2431
2519132,2432
2519133,2432
2519134,2432
2519135,2422
2519136,2422
2521101,2611
2521102,2619
2521103,2619
2521104,2611
2521105,2611
2521106,2611
2521107,2611
2521109,2611
2521110,2611
2521111,3342
2521112,2611
2521113,2619
2521114,2611
2521115,2611
2521116,2611
2521117,2611
2522101,2612
2522102,2612
2522103,2612
2522104,2612
2522105,2612
2522106,2612
2522107,2612
2522108,2612
2522109,2612
2522110,2612
2522111,2612
2522112,2612
2522113,2612
2522114,2612
2522115,2612
2522116,2612
2522117,2612
2522118,2612
2522119,2612
2522120,2612
2522121,2612
2522122,2612
2522123,2612
2522124,2612
2522125,2619
2522126,2619
2522127,2612
2522128,2612
2523101,2611
2523102,2611
2523103,2611
2523104,2611
2523105,1349
2523106,1349
2523107,2611
2523108,2611
2523109,2611
2523110,2619
2523111,2611
2531101,2621
2531102,2621
2531103,2621
2531104,2621
2531105,1349
2531106,2621
2531107,2621
2531108,2621
2531109,2621
2531110,2621
2531112,2621
2531113,3433
2531114,2621
2531115,2621
2531116,2621
2531117,2621
2531118,3433
2531119,2621
2531120,2621
2531121,2621
2531122,2621
2532101,2622
2532102,2622
2541101,2631
2541102,2631
2541103,2412
2541104,2412
2541105,3313
2541106,2411
2541107,2411
2541108,2413
2541110,2412
2541111,2412
2541112,2412
2541113,2412
2541114,2412
2541115,2631
2541116,2411
2541117,2412
2541118,2631
2541119,2411
2541121,3313
2541122,2411
2541123,3313
2541124,2412
2541125,3313
2541126,2412
2541127,3313
2541128,2413
2541129,2413
2541130,2412
2541131,3313
2541132,3313
2541133,2412
2541134,2631
2541135,2411
2541136,2412
2541137,2413
2541138,2413
2541139,2631
2541140,2631
2541141,2412
2541142,2411
2541143,2631
2541144,2411
2541145,2422
2541146,2422
2542101,2632
2542102,2632
2542103,2632
2542104,2632
2542105,2632
2542106,2632
2542107,2632
2542108,2632
2542109,2632
2542110,2632
2542111,2632
2542112,2632
2542113,2632
2542114,2631
2542115,2422
2542116,2422
2543101,2633
2543102,2633
2543103,2633
2543104,2633
2543105,2633
2543106,2633
2543107,2633
2543108,2633
2543109,2633
2543110,2633
2543111,2633
2543112,2633
2544101,2643
2544102,2643
2544103,2643
2544104,2643
2544105,2643
2544106,2643
2544107,2643
2544108,2643
2544109,2643
2544110,2643
2544111,2643
2544112,2643
2544113,2643
2544114,2643
2545101,2634
2545102,2634
2545103,2634
2545104,2634
2545105,2634
2545106,2634
2545107,2634
2545108,2634
2545109,2634
2545110,2634
2545111,2634
2545112,2634
2545113,2634
2545114,2634
2545115,2634
2545116,2634
2545117,2634
2545118,2634
2545119,2634
2545120,2634
2551101,2641
2551102,2641
2551103,2641
2551104,2641
2551105,2641
2551106,2641
2551107,2641
2551108,2641
2551109,2641
2551110,2641
2551114,2641
2551115,2641
2551116,2641
2551117,2641
2551118,2641
2551119,2641
2551120,2641
2551121,2641
2551122,2641
2551123,2641
2551124,2641
2551125,2641
2551126,2641
2551127,2641
2552101,2651
2552102,2651
2552103,2651
2552104,2651
2552105,2651
2552106,2651
2552107,2651
2552109,2163
2552110,2651
2552111,2651
2552112,2651
2552113,2651
2552114,2651
2552115,2651
2552116,2651
2552117,2651
2552118,2651
2552119,3433
2552120,2621
2552121,7319
2553101,2652
2553102,2652
2553103,2652
2553104,2652
2553105,2652
2553106,2652
2553107,2652
2553108,2652
2553109,2652
2553110,2652
2553111,2652
2553112,2652
2553113,2652
2553114,2652
2554101,2653
2554102,2653
2554104,2653
2554105,2355
2554106,2653
2554107,2653
2554108,2653
2554109,2653
2554110,2653
2555101,2654
2555102,2655
2555103,2654
2555104,2654
2555105,2654
2555106,2654
2555107,2655
2560101,2636
2560102,2636
2560103,2636
2560104,2636
2560105,2636
2560106,2636
2560107,2636
2560108,2636
2560109,2636
2560110,2636
2560111,2636
2560112,2636
2560113,2636
2560114,2636
2560115,2636
2560116,2636
2560117,2636
2560118,2636
2560119,2636
2560121,2636
2560122,2636
2560123,2636
2560124,2636
2560125,2636
2560126,2636
3111102,3112
3111104,3112
3111105,3112
3111106,3112
3111107,3112
3111108,3112
3111109,3112
3111110,3112
3111111,3112
3111112,3112
3111113,3112
3111114,3112
3111115,3112
3111116,3112
3111117,3112
3111118,3112
3111119,3112
3111120,3112
3111121,3112
3111122,3112
3111123,3112
3111124,3112
3111125,3112
3111126,3112
3111127,3112
3111128,3112
3111129,3112
3111130,3112
3111131,3112
3111132,3112
3111133,3112
3111134,3112
3111135,3112
3111136,3112
3111137,3112
3111138,3112
3111139,3112
3111140,3112
3111141,3112
3111142,3112
3111143,3112
3111144,3112
3111145,3112
3111146,3112
3112101,3113
3112102,3113
3112103,3113
3112104,3113
3112105,3113
3112106,3113
3112107,3113
3112108,3113
3112109,3113
3112110,3113
3112111,3113
3112112,3113
3112113,3113
3112114,3113
3112115,3113
3112116,3113
3112117,3113
3112118,3113
3112119,3113
3112120,3113
3112121,3113
3112122,3113
3112123,3113
3112124,3113
3112125,3113
3112126,3113
3112127,3113
3112128,3113
3112129,3113
3112130,3113
3112131,3113
3112132,3113
3112133,3113
3112134,3113
3112135,3113
3112136,3113
3112137,3113
3112138,3114
3112139,3113
3113101,3114
3113102,3114
3113103,3114
3113104,3114
3113105,3114
3113106,3114
3113107,3114
3113108,3114
3113109,3114
3113110,3114
3113111,3114
3113112,3114
3113113,3114
3113114,3114
3113115,3114
3113116,3114
3113117,3114
3113118,3114
3113119,3114
3113120,3114
3113121,3114
3113122,3114
3113123,3114
3113124,3114
3113125,3114
3113126,3114
3113127,3522
3113128,3114
3113129,3114
3113130,3114
3113131,3114
3113132,3114
3113133,3114
3113134,3114
3113135,3114
3113136,3114
3113137,3114
3113138,3114
3113139,3114
3113140,3114
3113141,3114
3113142,3114
3113143,3114
3113144,3114
3113145,3114
3113146,3522
3113147,3139
3113148,3522
3113149,3114
3114101,3115
3114102,3115
3114103,3115
3114104,3115
3114105,3115
3114106,3115
3114107,3115
3114108,3115
3114109,3115
3114110,3115
3114111,3115
3114112,3115
3114113,3115
3114114,3115
3114115,3115
3114116,3115
3114117,3115
3114118,3115
3114119,3115
3114120,3115
3114121,3115
3114122,3115
3114123,3115
3114124,3115
3114125,3115
3114126,3115
3114127,3115
3114128,3115
3114129,3115
3114130,3118
3114131,3115
3114132,3115
3114133,3115
3114134,3115
3114135,3115
3114136,3115
3114137,3115
3114138,3115
3115101,3116
3115102,3116
3115103,3116
3115104,3116
3115105,3116
3115106,3116
3115107,3116
3115108,3116
3115109,3116
3115110,3116
3115111,3116
3115112,3116
3115113,3116
3115114,3116
3115115,3116
3115116,3116
3115117,3116
3115118,3116
3115119,3116
3115120,3116
3115121,3116
3115122,3116
3115123,3116
3115124,3116
3116101,3117
3116102,3117
3116103,3117
3116104,3117
3116105,3117
3116106,3117
3116107,3117
3116108,3117
3116109,3117
3116110,3117
3116111,3117
3116112,3117
3116113,3117
3116114,3117
3116115,3117
3116116,3117
3116117,3117
3116118,3117
3116119,3117
3116120,3117
3116121,3117
3116122,3117
3116123,3117
3116124,3117
3116125,3117
3116126,3117
3116127,3117
3116128,3117
3116129,3117
3116130,3117
3116131,3117
3116132,3117
3116133,3117
3116134,3117
3116135,3117
3116136,3117
3116137,3117
3116138,3117
3116139,3117
3116140,3117
3116141,3117
3116142,3117
3116143,3117
3116144,3117
3116145,3117
3116146,3117
3116147,3117
3116148,3117
3116149,3117
3116150,3117
3116151,3117
3116152,3117
3116153,3117
3116154,3117
3116155,3117
3116156,3117
3116157,3117
3116158,3117
3116159,3117
3116160,3117
3116161,3117
3116162,3117
3116163,3117
3116164,3117
3116165,3117
3116166,3117
3116167,3117
3116168,3117
3116169,3117
3116170,3117
3119101,3119
3119102,3119
3119103,3119
3119104,3119
3119105,3119
3119106,3119
3119107,4110
3119108,2359
3119109,2359
3119110,3118
3119111,3119
3119112,3119
3119113,3119
3119114,3119
3119115,3119
3119116,3119
3119117,3119
3119118,3118
3119119,3257
3119120,3119
3119121,3119
3119122,3119
3119123,3119
3119124,3119
3119125,3118
3119126,3119
3119127,3119
3119128,3119
3119129,3119
3119130,3119
3119131,3119
3119132,3214
3119133,3214
3119134,3123
3119135,3119
3119136,3119
3119137,3119
3119138,3119
3119139,3119
3119140,3119
3119141,3119
3119142,3119
3119143,3119
3119144,3122
3119145,3122
3119146,3122
3119147,3118
3119148,3119
3119149,3132
3119150,3122
3119151,3122
3119152,3122
3119153,3122
3119154,3119
3119155,3119
3119156,3119
3119157,3119
3119158,3119
3120101,3511
3120102,3511
3120103,3511
3120104,3511
3120105,3511
3120106,3511
3120107,3511
3120108,3511
3120109,3511
3120110,3511
3120111,3511
3120112,3511
3120113,3511
3120114,3511
3120115,3511
3120116,3511
3120117,3513
3120118,3513
3120119,3511
3120120,3511
3120121,3512
3120122,3511
3120123,3512
3120124,3511
3120125,3513
3120126,3511
3120127,3511
3120128,3511
3120129,3511
3120130,3512
3120131,3522
3120132,3512
3120133,3511
3120134,3511
3120135,3512
3120136,3513
3120137,3513
3120138,3511
3120139,3511
3120140,3511
3120141,3511
3131101,3439
3131102,3521
3131103,3431
3131104,3431
3131105,3431
3131106,3431
3131107,3521
3131108,3521
3131109,3521
3131110,3521
3131111,3431
3131112,3431
3131113,3521
3131114,3521
3131115,3521
3131116,3431
3131117,3521
3131118,3521
3131119,3521
3131120,3521
3131121,3439
3131122,3439
3131123,3439
3131124,3439
3131125,3439
3131126,3439
3131127,3439
3131128,3439
3131129,3439
3131130,3439
3131131,3439
3131132,3431
3131133,3439
3131134,3431
3131135,3439
3131136,3431
3131137,3439
3131138,3521
3132101,3522
3132102,3522
3132103,3522
3132104,3522
3132105,3522
3132106,3522
3132107,3522
3132108,3522
3132109,3522
3132110,3522
3132111,3522
3132112,3522
3132113,3522
3132114,3522
3132115,3522
3139101,3439
3139102,3431
3141101,3151
3141102,3151
3141103,3151
3141104,3151
3141105,3151
3141106,3151
3141107,3151
3141109,3151
3141110,3151
3141112,3151
3141113,3151
3141114,3151
3141115,3151
3141116,3151
3142101,3152
3142102,3152
3142103,3152
3142104,3152
3142105,3152
3142106,3152
3142107,3152
3142108,3152
3142109,3152
3142110,3152
3142111,3152
3142112,3152
3142113,3152
3142114,3152
3142115,3152
3142116,3152
3142117,3152
3142118,3152
3142119,3152
3142121,3152
3142122,3152
3142123,3152
3142124,3152
3142125,3152
3142126,3152
3142127,3152
3142128,3152
3142129,3152
3143101,3153
3143102,3153
3143103,3153
3143104,3153
3143105,3153
3143106,3153
3143107,3153
3143108,3153
3143109,3153
3143110,3153
3144101,3154
3144102,3154
3144103,3154
3144104,3154
3144105,3154
3151101,3112
3151102,3112
3151103,3112
3151104,3112
3151105,3112
3151106,3112
3151107,3112
3151108,3123
3151109,3112
3152101,3119
3152102,3119
3152103,3119
3152104,3119
3152105,3119
3152106,3119
3152107,3119
3152108,3119
3152109,3119
3152110,3257
3152111,3119
3152112,3131
3152113,3131
3152114,3119
3152115,3119
3152116,3257
3152117,3119
3152118,3119
3152119,3257
3152120,3119
3152121,3257
3152122,3119
3152123,3119
3152124,3119
3152125,3257
3152126,3257
3152127,3257
3152128,3257
3152129,3257
3152130,3119
3152131,3119
3152132,3132
3152133,3257
3152134,3119
3152135,3119
3152136,2263
3152137,2263
3152138,3257
3152139,3257
3152140,3155
3152141,3155
3152142,3119
3152143,3119
3211101,3212
3211102,3212
3211103,3212
3211104,3212
3211105,3212
3211106,3212
3211107,3212
3211108,3212
3211109,3212
3211110,3212
3211111,3212
3211112,3212
3211113,3212
3211114,3141
3211115,3141
3211116,3141
3211117,3212
3211118,3212
3211119,3141
3211120,3212
3211121,3141
3211122,3141
3211123,3141
3211124,3141
3211125,2221
3211126,3141
3211127,3141
3211128,3141
3212101,3142
3212102,3142
3212103,3142
3212104,3142
3212105,3142
3212106,3142
3212107,3142
3212108,3142
3212109,3142
3212110,3142
3212111,3142
3212112,3142
3212113,3142
3212114,3142
3212115,3142
3212116,3142
3212117,3142
3212118,3142
3212119,3142
3212120,3142
3213101,3143
3213102,3143
3213103,3143
3213104,3143
3213105,3143
3213106,3143
3213107,3143
3213108,3143
3213109,3143
3213110,3143
3213111,3143
3213112,3143
3213113,3143
3213114,3143
3213115,3143
3213116,3143
3213117,3143
3213118,3143
3213119,3143
3213120,3143
3213122,3143
3213123,3143
3213124,3143
3213125,3143
3213126,3143
3213127,3143
3213128,3143
3213129,3143
3221101,3211
3221102,2266
3221103,3211
3221105,3211
3221106,3211
3221107,2266
3221108,3211
3221109,3211
3221110,3211
3221111,3211
3221112,3211
3221113,3211
3221114,3211
3221115,3211
3221116,3211
3222101,3257
3222102,2263
3222103,3257
3222105,3257
3222106,7544
3222107,7544
3222108,7544
3222109,3257
3222110,3257
3222111,3257
3222112,3257
3222113,3257
3222114,3257
3222115,7544
3222116,3257
3222117,3257
3222118,3257
3222119,3257
3222120,3257
3222121,2263
3222122,2263
3222123,3257
3222124,2263
3222125,3257
3222126,3257
3222127,3257
3223101,2265
3223102,3434
3223103,2265
3223104,2265
3223105,2265
3224119,3254
3224120,3254
3224121,3254
3225101,3251
3225102,3251
3225103,3251
3225104,3251
3226101,2267
3226102,2264
3226103,2264
3226104,2267
3226105,2264
3226106,2267
3226107,2264
3226108,2264
3226109,2264
3226112,2264
3226113,2269
3226114,2267
3226115,2264
3226116,2267
3226117,2267
3226118,2264
3226119,2267
3226120,2264
3226121,2264
3226122,2264
3226123,2264
3227101,3240
3227102,3240
3227103,3240
3227104,5164
3227105,5164
3227106,5164
3228101,3213
3228102,3213
3229101,3230
3229102,3230
3229103,3230
3229104,3230
3229105,3230
3229106,3230
3229107,3230
3229108,3230
3229109,3230
3229110,3230
3229111,3230
3229112,3230
3229113,3230
3229114,2269
3229115,3230
3229116,3230
3229117,3230
3229118,3230
3231101,2223
3231102,2223
3231103,2223
3231104,2223
3231105,2223
3231106,2223
3231107,1342
3231108,2223
3231109,2223
3231110,1342
3231111,2223
3231112,2223
3231113,2223
3231114,2223
3231115,3259
3231116,3259
3231117,1342
3232101,2224
3232102,2224
3232103,2224
3232104,2224
3232105,2224
3232106,2224
3232107,2224
3232108,2224
3232109,2224
3232110,2224
3232111,2224
3232112,2224
3232113,2224
3232114,2224
3232115,2224
3310101,2341
3310102,2341
3310103,2341
3310104,2341
3310105,2354
3310106,2354
3310107,2341
3310108,2341
3310109,2341
3310110,2341
3310111,2341
3310112,2341
3310113,2341
3310114,2341
3310115,2341
3310116,2341
3310117,2341
3320101,2342
3320102,2342
3320103,2342
3320104,2342
3320105,2342
3320107,2342
3320108,2342
3320109,2342
3320110,2342
3320111,2342
3341101,2320
3341102,2320
3341103,2320
3349101,2359
3349102,5164
3349103,5165
3349104,5164
3349105,2359
3349106,5164
3349107,2355
3349108,5165
3349109,2355
3349110,2359
3349111,5165
3349112,5165
3349113,2359
3349114,2352
3349115,2354
3349117,2652
3349118,2356
3349119,2359
3349120,2359
3349121,2359
3349122,2359
3349123,2359
3349124,2359
3349125,2359
3349126,3332
3349127,2353
3349128,2355
3349129,2355
3349130,2355
3349131,2356
3349132,2359
3349133,2359
3349134,2359
3349135,2354
3349136,2359
3349137,2354
3349138,2359
3349139,2359
3411101,3311
3411102,3311
3411103,3311
3411104,3311
3411105,3311
3411106,3311
3411107,3311
3411108,3311
3411109,3311
3411110,3311
3411111,3311
3411112,3311
3411113,3311
3411114,3311
3411115,3311
3411116,3311
3411117,3311
3411118,3311
3411119,3311
3411120,3311
3411121,3311
3411122,3311
3411123,3311
3411125,3311
3411126,3311
3411127,3311
3411128,3311
3411129,3311
3411130,3311
3411131,2412
3411132,2412
3411133,3311
3412101,3321
3412102,3321
3412103,3321
3412104,3321
3412105,3321
3412106,3321
3412107,3321
3412108,3321
3412109,3321
3412111,3321
3412112,3321
3412113,3321
3412114,3321
3412115,3321
3412116,3315
3412117,3315
3412118,3321
3412119,3321
3412120,3321
3412121,3321
3412122,3321
3412123,3321
3412124,3321
3412125,3321
3412126,3321
3412127,3321
3412128,3321
3412129,3321
3412130,3321
3412131,3321
3412132,3321
3412133,3321
3412134,3321
3412135,3321
3412136,3321
3412137,3321
3412138,3321
3412139,3321
3412140,3321
3412141,3321
3412142,3321
3412143,3321
3412144,3321
3412145,3321
3412146,3321
3412147,3321
3412149,3321
3412150,3321
3412151,3321
3412152,3321
3412153,3321
3412154,3321
3413101,3334
3413102,3334
3413103,3334
3413104,3334
3413105,3334
3413106,3334
3413107,3334
3413108,3334
3413109,3334
3413110,3334
3413111,3334
3414101,4221
3414102,4221
3414103,4221
3414104,4221
3414105,4221
3414106,4221
3414107,4221
3414108,4221
3414109,4221
3414110,4221
3414111,4221
3414112,4221
3414113,4221
3414114,4221
3414115,4221
3414116,4221
3414117,4221
3415101,2433
3415102,2433
3415103,3322
3415104,3322
3415105,3322
3415106,3322
3415107,3322
3415108,3322
3415109,2433
3415110,3322
3415111,3322
3415112,2433
3415113,3322
3415114,3322
3415115,3322
3415116,3322
3415117,3322
3415118,3322
3415119,2431
3415120,3322
3415121,3322
3415122,3322
3415123,3322
3415124,3322
3415125,3322
3415126,3322
3415127,3322
3415128,3322
3415129,3322
3415130,3322
3415131,3322
3415132,3322
3415133,3322
3415134,3322
3415135,3322
3415136,3322
3415137,3322
3415138,3322
3415139,2433
3415140,2434
3415141,3322
3415142,2433
3416102,3323
3416103,3323
3416104,3323
3416105,3323
3416106,3323
3416107,3323
3416108,3323
3416109,3323
3416110,3323
3416111,3323
3416112,3323
3416113,3323
3416114,3323
3416115,3323
3417101,3315
3417102,3315
3417103,3339
3417104,3315
3417105,3315
3417106,3315
3417107,3315
3417108,3315
3417109,3315
3417110,3315
3417111,3315
3417112,3315
3417113,3315
3417114,3315
3417115,3315
3417116,3315
3418101,3312
3418102,3312
3418103,3312
3418104,3312
3418106,3312
3418107,3312
3418108,3312
3418109,2412
3418111,3312
3418112,3312
3418114,3312
3418115,3312
3418116,3312
3418117,3312
3418118,3312
3418119,3312
3418120,3312
3418121,3312
3418122,3312
3418123,3312
3418124,2412
3418125,2412
3418126,3312
3418127,3312
3418128,3312
3418129,3312
3418130,3312
3418131,3312
3418132,2412
3418133,3312
3418134,3312
3418135,2412
3418136,3312
3418137,3312
3418138,3312
3418139,3312
3418140,3312
3418141,3339
3419102,4110
3419103,2431
3419104,4110
3419105,2431
3419106,2431
3419107,4110
3419108,4110
3419109,2431
3419110,4110
3419111,4110
3419112,2431
3419113,2431
3419114,2431
3419115,2431
3419116,4110
3419117,4110
3419118,2431
3419119,4110
3419120,2431
3419121,4110
3419122,4110
3419123,2431
3419124,2431
3419125,2431
3419126,2431
3419128,4110
3419130,2431
3419131,2431
3419132,4110
3419133,2431
3419134,2431
3419135,2431
3419136,2431
3419137,2431
3419138,2431
3419139,2431
3419140,2431
3419142,2431
3419143,2431
3419144,2431
3421101,3324
3421102,3324
3421103,3324
3421104,3324
3421105,3324
3421106,3324
3421107,3324
3421108,3324
3422101,3331
3422103,3331
3422104,3331
3422105,3331
3422106,3331
3422107,3331
3422108,3331
3422109,3331
3422110,3331
3422111,3331
3422112,3331
3422113,3331
3422114,3331
3422115,3331
3422116,3331
3422117,3331
3422118,3331
3422119,3331
3422120,3331
3422121,3331
3422122,3331
3422123,3331
3422124,3331
3422125,3331
3423101,3333
3423102,3333
3423103,3333
3423104,3333
3423105,3333
3423106,3333
3423107,3333
3423108,3333
3423109,3333
3423110,3333
3423111,3333
3423112,3333
3423113,3333
3429101,3339
3429102,3339
3429103,3339
3429104,3339
3429105,3339
3429108,3324
3429109,3339
3429110,3324
3429111,3339
3429112,3339
3431101,3343
3431102,3343
3431103,2611
3431104,3343
3431105,3343
3431106,3343
3431107,3343
3431108,3343
3431109,3343
3431110,3343
3431111,3343
3431112,3343
3431113,3341
3431114,3341
3431115,4110
3431116,4110
3431117,3334
3431118,2422
3431119,2422
3431120,2422
3431121,3341
3431122,4110
3431123,2422
3431124,4110
3431125,2422
3431126,3322
3431127,3332
3431128,3332
3431129,4110
3431130,2422
3431131,2422
3431132,1343
3431133,4110
3431134,3341
3431135,3343
3431136,3359
3431137,3359
3431138,3332
3431139,2421
3431140,2421
3431141,3343
3431142,3343
3431143,3343
3431144,2619
3431145,2422
3431146,2422
3432101,3313
3432102,3313
3432103,2411
3432104,2411
3432105,2411
3432106,2411
3432107,3355
3432108,2411
3432109,2411
3432110,4311
3432111,2411
3432112,2411
3432113,2411
3432114,3313
3432115,3313
3432116,3313
3432117,3313
3432118,2411
3432119,2411
3432120,2411
3432121,4313
3432122,3341
3432123,2411
3432124,3313
3432125,3313
3432126,3313
3432127,3313
3432128,3313
3432129,4311
3432130,3313
3432131,3313
3432132,3313
3432133,2411
3432134,3312
3432135,3313
3432136,3313
3432137,3313
3432138,3341
3432139,3341
3432140,4313
3432141,3313
3433101,5151
3433102,5151
3433103,5151
3433104,5151
3433105,5151
3433106,5151
3433107,5151
3433108,1439
3441101,3351
3441102,3351
3441103,3351
3441104,3351
3441105,3351
3441106,3351
3441107,3351
3441108,3351
3441109,3351
3441111,3351
3441112,3351
3441113,3351
3442101,3352
3442102,3352
3442103,3352
3442104,3352
3442105,3352
3442106,3352
3443101,3353
3443102,3353
3443103,3353
3443104,3353
3443105,3353
3443106,3353
3443107,3353
3443108,3353
3443109,3353
3443110,3353
3443111,3353
3444101,3353
3444102,3353
3444103,3353
3444104,3353
3444105,3353
3444106,3353
3444107,3353
3444108,3353
3444109,3333
3444110,3353
3449101,3359
3449102,3359
3449103,3359
3449104,3359
3449105,3359
3449106,3359
3449107,3359
3449108,3359
3449109,3359
3449110,3359
3449111,3359
3449112,3359
3449113,3359
3449114,3359
3449115,3359
3449116,3359
3449117,3354
3449118,3354
3449119,3359
3449120,3359
3449121,3359
3449122,3359
3449123,3359
3449124,3359
3450101,3355
3450102,3355
3450103,3355
3450104,3355
3450105,3355
3450106,3355
3450107,3355
3450108,3355
3450109,3355
3450110,3355
3450111,3355
3450112,3355
3450113,3355
3460101,3412
3460102,2635
3460103,3412
3460104,3412
3460105,2635
3460106,2635
3460107,3412
3460108,3412
3460109,2635
3460110,2635
3460111,2635
3460112,2635
3460113,2635
3460114,3412
3460115,2635
3460116,2635
3460117,2635
3460118,2635
3460119,2635
3460120,3412
3460121,2635
3460122,3412
3460123,3412
3460124,3412
3460125,2635
3460126,2635
3460127,2635
3460128,3412
3460129,2635
3460130,3353
3460131,3353
3460132,2635
3460133,3412
3460134,3412
3460135,3412
3460136,3412
3460137,3412
3460138,3412
3460139,3412
3460140,2635
3460141,2635
3460142,2635
3460143,3412
3460144,2635
3460145,2635
3460146,2635
3460147,2635
3460148,3412
3460149,3412
3460150,2635
3460151,3412
3460152,2635
3460153,2635
3460154,2635
3460155,2635
3460156,2635
3460157,2635
3460158,2635
3460159,2635
3471101,3432
3471102,3432
3471103,2163
3471104,2166
3471108,2163
3471109,2166
3471110,2166
3471111,2166
3471112,2166
3471113,2166
3471114,2166
3471115,2166
3471116,3432
3471117,3432
3471118,2166
3471119,2163
3471121,3432
3471122,3432
3471123,3432
3471124,3432
3471125,3432
3471126,3432
3471127,3432
3471128,2163
3471129,2166
3471130,3432
3471131,3432
3471132,3432
3471133,3432
3471134,2653
3471135,2166
3471136,2166
3471137,2163
3471138,2166
3471139,3432
3471140,2166
3471141,2163
3471142,3432
3471143,2163
3471144,2166
3471145,2166
3472101,2652
3472102,2652
3472103,2652
3472104,2652
3472105,2652
3472106,2652
3472107,2652
3472108,2652
3472109,2652
3472110,2354
3473101,2659
3473102,2659
3473103,2659
3473104,2659
3473105,2659
3473106,2659
3473107,2659
3473108,2659
3473109,2659
3474101,3439
3474102,3439
3474103,3439
3474104,3439
3474105,3439
3474106,3439
3474107,3439
3474108,3439
3474109,2654
3474110,3439
3474111,3439
3474113,3432
3474114,2654
3474115,2654
3474116,2654
3474117,2643
3474118,2654
3474119,3439
3474120,3439
3474121,3439
3474122,3439
3474123,3439
3474124,3439
3474125,2654
3474126,3439
3474127,3439
3475101,3421
3475102,3422
3475103,3422
3475104,3422
3475105,3422
3475106,3423
3475107,3422
3475108,3422
3475109,3422
3475110,3423
3475111,3423
3475112,3423
3475113,3423
3475114,3423
3475115,3422
3475116,3423
3475117,3422
3475118,3422
3475119,3423
3475120,3423
3475121,3422
3475122,3422
3475123,3423
3475124,3422
3475125,3423
3475126,3421
3475127,3422
3475128,3423
3475129,3423
3475130,3423
3475131,3422
3475132,4321
3475133,3421
3475134,3421
3475135,3421
3475136,3421
3475137,3423
3475138,3422
3475139,3422
3475140,3422
3475141,3422
3475142,3423
3475143,3423
3475144,3422
3475145,3421
3475146,3421
3480101,3413
3480102,3413
3480103,3413
3480104,3413
3480105,3413
3480106,3413
3480107,3413
3480108,3413
3480109,3413
3480110,3413
3480111,3413
3480112,3413
3480113,3413
3480115,3413
3480116,3413
3480117,3413
3480119,3413
3480120,3413
3480121,3413
3480122,3413
3480123,3413
3480124,3413
3480125,3413
3480126,3413
3480127,3413
3480128,3413
3480129,3413
3480130,3413
3480131,2359
3480132,2359
3480133,2359
3480134,2359
3480135,3413
3480136,3413
3480137,3413
3491101,2432
3491102,2432
3491103,2642
3491104,2432
3491105,2432
3491106,2432
3491107,2432
3491108,2642
3491109,2642
3491110,2642
3491111,2642
3491112,2642
3491113,2642
3491114,2642
3491115,2642
3491116,2642
3491117,2642
3491118,2642
3491119,2642
3491121,2432
3491122,2642
3491123,2642
3491124,2642
3491125,2642
3491126,2642
3491127,2642
3491128,2432
3491129,2641
3491130,2642
3491131,2642
3491132,2642
3491133,2642
3491134,2642
3491135,2642
3491136,2642
3491137,2642
3491138,2642
3491139,2642
3491140,2642
3491141,2432
3491142,2641
3491143,2641
3491144,2641
3491145,2641
3491146,2642
3491147,4229
3491148,2432
3491149,2642
3491150,2432
3492101,2654
3492102,2656
3492103,2656
3492104,2656
3492105,2654
3492106,3521
3492107,2622
3492108,2622
3492109,2656
3492110,3521
3492111,2656
3492112,2656
3492113,2656
3492114,2656
3492115,3521
3492116,2654
3492117,5169
3492118,2656
3493101,2622
3493102,2622
3493103,2622
3493104,2622
3493105,2622
3493106,2622
3493107,2622
3493108,2622
3493109,2622
3493110,2622
3493111,2622
3493112,2622
3493113,2622
3493115,2622
4111101,4131
4111102,4131
4111103,4131
4111104,4131
4111105,4131
4111106,4131
4111107,4131
4111108,4131
4112101,4132
4112102,4413
4112103,4132
4112104,4132
4112105,4132
4112106,4132
4112107,4132
4113101,4110
4113102,4110
4113103,3342
4113104,4312
4113105,4312
4113106,4312
4113107,4312
4113108,4311
4113109,4416
4113110,4110
4113111,4110
4113112,4110
4113113,3343
4113114,4110
4113115,4110
4113116,3343
4113117,4110
4113118,3332
4113119,4229
4113120,4229
4113121,3332
4113122,4229
4113123,4229
4113124,4110
4113125,4229
4113126,3341
4113127,3342
4113128,3332
4113129,3332
4113130,3332
4113131,3332
4114101,4110
4114102,4110
4114103,4110
4114104,4110
4114105,4110
4114106,4110
4114107,4110
4114108,4110
4114109,4110
4114110,4110
4114112,3354
4114113,4110
4114114,4110
4114115,4110
4114116,4110
4114117,4110
4114118,3354
4114119,4110
4114120,4110
4114121,4110
4114122,4110
4114123,4110
4114124,4110
4114125,4110
4114126,4110
4114127,4321
4114128,4110
4114129,4110
4114130,4110
4114131,4222
4114132,4222
4114133,4110
4114134,4110
4114135,4110
4114136,4110
4114137,4110
4114138,4416
4114139,4416
4114140,4110
4114141,4110
4114142,4110
4121101,4313
4121102,4311
4121103,4311
4121104,4311
4121105,4313
4121106,4311
4121107,4311
4121108,4313
4121109,4311
4121110,4311
4121111,4313
4121112,4313
4121113,4311
4121114,4311
4121115,4311
4121116,4311
4121117,4311
4121118,4311
4121119,4311
4121120,4313
4121121,4313
4121122,4311
4129101,4312
4129102,4110
4129103,4132
4129104,4110
4129105,4132
4129106,4110
4129107,4110
4129108,4110
4129109,4110
4129110,4110
4129111,4132
4131101,4321
4131102,4321
4131103,4321
4131104,4321
4131105,4321
4131106,4321
4131107,4321
4131108,4321
4131109,4321
4131110,4321
4131111,4321
4131112,4321
4131113,4321
4131114,4321
4131115,4321
4131116,4321
4131117,4321
4131118,4321
4131119,4321
4131120,4321
4131121,4321
4131122,4321
4131123,4321
4131125,4321
4131126,4321
4131127,5230
4131128,4321
4131129,4321
4131130,4321
4131131,4225
4131132,4225
4131133,3433
4132101,4322
4132102,4322
4132103,4322
4132104,4322
4132105,4322
4132106,4322
4132107,4322
4132108,4322
4132109,4322
4132110,4322
4132111,4322
4132112,4322
4132113,4322
4132114,4322
4132115,4322
4132116,4322
4132117,4322
4133101,4323
4133102,4323
4133103,3154
4133104,4323
4133105,3331
4133106,4323
4133107,4323
4133108,4323
4133109,4323
4133110,4323
4133111,4323
4133112,4323
4133113,4323
4133114,4323
4133115,4323
4133116,4323
4133117,4323
4133118,4323
4133119,4323
4133120,4323
4133121,4323
4133122,4323
4133123,4323
4133124,4323
4133125,4323
4133126,4323
4133127,4323
4133128,4323
4133129,4323
4133130,4323
4133131,4323
4133132,4323
4133133,4323
4133134,4323
4133135,4323
4133136,4323
4133137,4323
4133138,4323
4133139,4323
4133140,4323
4133142,4323
4133143,4323
4133144,4323
4133145,4323
4133146,4323
4133147,4323
4133148,4323
4133149,4323
4133150,4323
4133151,4323
4133152,4323
4133153,4323
4133154,4323
4133155,4323
4133156,4323
4133157,4323
4141101,4415
4141102,4415
4141103,4411
4141104,4415
4141105,4411
4141106,4415
4141107,4411
4141108,4411
4141109,4411
4141110,4415
4141111,4411
4141112,4415
4141113,4411
4142101,4211
4142102,4211
4142103,4211
4142104,4211
4142105,4412
4142106,4211
4142107,4211
4142108,4211
4142109,4211
4142110,4412
4142111,4211
4142112,4211
4142113,4211
4142114,4211
4142115,4211
4142116,4211
4142117,4412
4142118,4211
4142119,4211
4142120,4211
4142121,4412
4142122,4412
4211101,5230
4211102,5230
4211103,5230
4211104,5230
4211105,5230
4211106,5230
4211107,4221
4211108,5230
4211109,5230
4212101,4211
4212102,4211
4212103,4211
4212104,4211
4212105,4211
4212107,4211
4212108,4211
4212109,4211
4212110,4211
4213101,4212
4213102,4212
4213103,4212
4213104,4212
4213105,4212
4214101,4213
4214102,4213
4215101,4214
4215102,4214
4215103,4214
4215104,4214
4215105,9621
4215106,4214
4215107,4214
4215110,4214
4215111,3312
4215112,4214
4215113,4214
4221101,4221
4221102,4221
4221103,4221
4221104,4221
4221105,4221
4221106,4221
4221107,4221
4221108,4221
4221109,4221
4222101,4226
4222102,4224
4222103,4225
4222104,4226
4222105,4226
4222106,4226
4222107,4224
4222108,4224
4222109,4224
4222110,4224
4222111,4224
4222112,4224
4222113,4224
4222114,4225
4222115,4225
4222116,4226
4222117,4226
4222118,4226
4222119,4224
4222120,5249
4222121,4224
4222122,5249
4222123,4224
4222124,4221
4222125,4224
4222126,4226
4222127,4221
4222128,4224
4222129,5249
4222130,4224
4222131,4225
4222132,4226
4222133,4226
4222134,4226
4222135,4226
4222136,4226
4222137,4229
4222138,4225
4222139,4225
4222140,4226
4222141,4224
4223101,4223
4223102,4223
4223103,4223
4223104,4223
4223105,4223
4223106,4223
4223107,4223
4223108,4223
4223109,4223
5111101,5111
5111102,5111
5111103,5111
5111104,5111
5111105,5111
5111106,5111
5111107,5111
5111108,5111
5111109,5111
5111110,5111
5111111,5111
5111112,5111
5111113,5111
5111114,5111
5111115,5111
5111116,5111
5111117,5111
5111119,5111
5111120,5111
5111121,5111
5111122,5111
5111123,5111
5111124,5111
5112101,5112
5112102,5112
5112103,5112
5112104,5112
5112105,5112
5112106,5112
5112107,3355
5113101,5113
5113102,5113
5113103,5113
5113104,5113
5113105,5113
5113106,5113
5113107,5113
5113108,5113
5121101,5152
5121102,5152
5121103,5152
5121104,5152
5121105,5152
5121106,5152
5121107,5152
5121108,5152
5121109,5152
5121110,5152
5121111,5152
5121112,5152
5122101,3434
5122102,5120
5122103,5120
5122104,5120
5122105,5120
5122106,3434
5122107,3434
5122108,5120
5122109,3434
5122110,5120
5122111,3434
5122112,3434
5122113,5120
5122114,5120
5122115,5120
5122116,5120
5122118,3434
5122119,5120
5122120,5120
5122121,3434
5122122,5120
5122123,5246
5122124,3434
5122125,5120
5122126,5120
5122127,5120
5122128,5120
5122129,5120
5122130,5246
5122131,5120
5122132,5120
5123101,5132
5123102,5131
5123103,5131
5123104,5131
5123105,5131
5123106,5131
5123107,1412
5123108,5132
5123109,5131
5123110,5131
5123111,5131
5123112,5131
5123113,5131
5123114,5131
5123115,5132
5123116,5246
5123117,5131
5123118,5246
5123119,5132
5123120,5132
5123121,5246
5123122,1412
5123123,5132
5123124,5246
5123125,5246
5123126,5246
5131101,5311
5131102,5311
5131103,5311
5131104,5311
5131105,5312
5131106,5311
5131109,5311
5131110,5311
5131111,5311
5131112,1341
5131113,3259
5131114,5312
5131115,5311
5131116,5311
5131117,5311
5131118,5311
5131119,5311
5131120,5311
5131121,5311
5131122,5311
5131123,5311
5131124,5311
5131125,5312
5131126,5311
5131127,5311
5131128,5311
5131129,5312
5131130,2354
5131131,5311
5131132,5311
5131133,5311
5131134,5311
5132101,5321
5132102,5321
5132103,3259
5132104,1343
5132105,1342
5132106,5321
5132107,5321
5132108,5321
5132109,5321
5132110,1342
5132111,5329
5132112,5321
5132113,5321
5132114,5329
5132115,5329
5132116,5321
5132117,5321
5132118,5321
5132119,5321
5132120,5321
5132121,5321
5132122,5322
5132123,5329
5132124,5321
5133101,5322
5133102,5322
5133103,5322
5133104,5322
5133105,5322
5133106,5322
5133107,5322
5133108,5322
5134101,5329
5134102,5329
5134103,5329
5134104,5329
5134105,5329
5135101,3256
5135102,3256
5135103,3256
5135104,3256
5135105,3256
5136101,5311
5136102,5311
5136103,5311
5136104,5311
5136105,5311
5136106,5311
5136107,5311
5136109,5311
5136110,5311
5136111,5321
5137101,5223
5137102,5223
5137103,5223
5139101,5329
5139102,5329
5139103,5329
5139104,5329
5139105,5329
5139106,5329
5139107,5329
5139108,5322
5139109,5329
5139110,5321
5139111,5329
5139112,5322
5139113,5329
5139114,5329
5139115,5329
5139116,5329
5139117,5321
5139118,3258
5139119,5329
5139120,5329
5139122,3258
5139123,3259
5139124,5329
5139125,3258
5139126,3258
5139127,3258
5139128,5329
5139129,3259
5139130,3258
5139131,3258
5139132,5329
5139133,5321
5139134,3412
5139135,3412
5139136,3412
5139137,3412
5139138,3412
5139139,3412
5139140,3412
5139141,3412
5139142,5329
5139143,5329
5139144,5329
5139145,3259
5139146,5329
5139147,5329
5139148,5142
5139149,5142
5139150,5329
5139151,5321
5139152,5329
5139153,5329
5139154,5329
5139155,5329
5139156,3259
5139157,3258
5141101,5142
5141102,5142
5141103,5141
5141104,5142
5141105,5141
5141106,5141
5141107,5142
5141108,5141
5141109,5141
5141110,5141
5141111,5142
5141112,5142
5141113,5142
5141114,5142
5141115,5142
5141116,5141
5141117,5142
5141118,5141
5141119,5142
5141120,5142
5141121,5142
5141122,5142
5141123,5142
5141124,5142
5141125,5142
5141126,5142
5142101,5163
5142102,5163
5142103,5163
5142104,5163
5142105,5163
5142106,5163
5142107,5163
5143101,5142
5143102,5142
5143103,4226
5143104,5142
5143105,4226
5143106,4226
5143107,5142
5143108,5142
5143109,4226
5143110,4226
5149101,5169
5149102,5161
5149103,5169
5149104,5169
5149105,5169
5149106,3411
5149107,3411
5149108,2659
5149109,5169
5149110,5169
5149112,5169
5149113,5169
5149114,5169
5149115,5161
5149116,5161
5149117,5161
5149118,5169
5149119,5169
5149120,5164
5149121,5164
5149122,5169
5149123,5164
5149124,5169
5149125,5164
5149126,5164
5149127,5169
5161101,5411
5161102,5411
5161103,5411
5161105,5411
5161106,5411
5161107,5411
5161108,5411
5161110,5411
5161111,5411
5161112,5411
5161113,5411
5161114,5411
5161115,5411
5161116,5411
5161117,5411
5161118,7422
5161119,7422
5161120,5411
5161121,5411
5162101,5413
5162102,5413
5162103,5413
5162104,5413
5162105,3355
5162107,5413
5162108,5413
5162109,5413
5163101,5419
5163102,5419
5163103,5153
5163104,5153
5163105,5153
5163106,9214
5163107,5153
5163108,5153
5163109,5153
5163110,5153
5163111,5153
5163112,5153
5163113,9214
5163114,5153
5163115,5153
5163116,5153
5163117,8341
5163118,5153
5163119,5153
5163121,5153
5163122,5153
5163123,5153
5163124,5153
5163125,5153
5163126,5153
5163127,5153
5163128,5153
5163129,5153
5163130,5153
5163131,5153
5163132,5153
5163133,5153
5163134,5153
5163135,5153
5163136,5153
5163137,5153
5163138,5153
5163139,5153
5163140,5153
5163141,5153
5164101,5414
5164102,5414
5164103,5414
5164104,5414
5164105,5414
5164106,5414
5164107,5414
5164108,5414
5164109,5230
5164110,5414
5169101,5419
5169102,5419
5169105,5419
5169106,5419
5169107,5419
5169108,5419
5169109,5419
5169110,5419
5169111,5419
5169112,5419
5169113,5419
5210101,5241
5210102,5241
5210103,5241
5210104,5241
5221101,5222
5221102,5222
5221103,5223
5221104,5211
5221105,5223
5221106,5223
5221107,5223
5221108,5242
5221109,5242
5221110,5223
5221111,5223
5221113,5211
5221114,3322
5221115,5223
5221116,5223
5221117,5222
5221118,5223
5221119,5223
5221120,5223
5221121,5242
5221122,5223
5221123,5223
5221124,5223
5221125,5223
5221126,5223
5221127,5211
5221128,5223
5221129,5223
5221130,5223
5221131,5223
5221132,5223
5221133,9334
5221134,5223
5221135,5222
5221136,5222
5221137,5222
5221138,5223
5221139,5222
5221140,5223
5221141,5245
5221142,5223
5221143,5223
5221144,5222
5221145,5223
5221146,5223
5221147,5222
5221148,5222
5221149,5223
5221150,5212
5221151,5212
5221152,5221
5221153,5221
5221154,5221
5221155,5223
5221156,5223
5221157,5244
5221158,5245
5221159,5249
5221160,5249
5221161,5249
5221162,9334
5221163,5223
5221164,5223
5222101,7549
5222102,7549
5223101,5244
5223102,5244
5223103,5244
5223104,5212
5223105,5223
5223106,5244
5223107,5244
5223108,5243
5223109,3322
5223110,5244
5223111,5243
5223112,5244
5223113,5244
5223114,5244
5223115,5244
5223116,5244
5223117,5244
5223118,5249
5223119,5249
5223120,5242
5223121,5244
5223122,3322
5223123,5244
5223124,5249
5223125,5249
5223126,5244
5224101,3322
5224102,3322
5224103,3322
5224104,5223
5224105,3322
5224106,3322
5224107,3322
5224108,3322
5225101,4227
5225102,4227
6111102,6111
6111103,6111
6111104,6112
6111105,6111
6111106,6112
6111107,6112
6111108,6111
6111109,6111
6111110,6111
6111111,8341
6111112,6111
6111113,6111
6111114,6111
6111115,6111
6111116,6111
6111117,9214
6111118,6113
6111119,6111
6111120,6112
6112101,6113
6112102,6113
6112103,6113
6112104,6113
6112105,6113
6112106,6113
6112107,6113
6112108,6113
6112109,6113
6112110,6113
6112111,6113
6121101,6121
6121102,6121
6121103,6121
6121104,6121
6121105,6121
6121106,6121
6121107,6121
6121108,6121
6121109,6121
6121110,6121
6121111,6121
6121112,6121
6121113,6121
6121114,6121
6121115,6121
6121116,6121
6121117,6121
6121118,6121
6121119,6121
6121120,9212
6121121,6121
6121122,6121
6121123,9212
6121124,6121
6121125,6121
6121126,6121
6121127,6121
6121128,6121
6121129,9212
6121130,6121
6121131,6121
6121132,6121
6121133,6121
6121134,6121
6121135,6121
6121136,6121
6121137,6121
6121138,9212
6121139,6121
6121140,6121
6121141,6121
6122101,6122
6122102,6122
6122103,6122
6122104,6122
6122105,6122
6122106,6122
6122107,6122
6129101,6121
6129102,6123
6129103,6121
6129104,6129
6129105,6129
6129107,6129
6129108,5164
6129109,5164
6129110,5164
6129111,5164
6129112,5164
6129113,5164
6130101,6130
6130102,6130
6130103,6130
6130104,6130
6130105,6130
6130106,6130
6130107,6130
6130108,6130
6130109,6130
6130110,6130
6130111,6130
6210101,6210
6210102,6210
6210103,6210
6210104,8341
6210105,6210
6210106,6210
6210108,8341
6210109,6210
6210110,8341
6210111,6210
6210112,6210
6210113,6210
6210114,6210
6210115,8341
6210116,8341
6310101,6221
6310102,6221
6310103,6221
6310104,6221
6310105,6221
6310106,6221
6310107,6221
6310108,6221
6310109,6221
6310110,3141
6310111,6221
6310112,6221
6411101,6222
6411103,6222
6411104,6222
6411105,6222
6411106,6222
6411107,6222
6411108,6222
6411109,6222
6411111,6222
6411112,6222
6411113,6222
6411115,6222
6411117,6222
6411119,6222
6411120,6222
6411124,6222
6411125,6222
6411126,6222
6411127,6222
6411128,6222
6412101,6224
6412102,6224
6412103,6224
6412104,6224
6412105,6224
6412106,6224
6412107,6224
6412108,6222
7110101,7113
7110103,7113
7110104,7113
7110105,7113
7110106,7113
7110107,7113
7110108,7113
7110109,7113
7110110,3122
7110111,7113
7110112,7119
7110113,7113
7110114,7113
7110115,7113
7121101,7112
7121102,7112
7121103,7122
7121104,7123
7121105,7123
7121106,7112
7121107,7123
7121108,7112
7121109,7112
7121110,7112
7121111,7112
7121112,7112
7121113,7112
7121114,7112
7121115,7112
7121116,7112
7122101,7114
7122102,7114
7122103,7114
7122104,7114
7122105,7114
7122106,3123
7122107,7114
7122108,7114
7122109,7114
7122110,7114
7123101,3123
7123102,7114
7123103,7114
7123104,7114
7123105,3123
7123106,7114
7124101,7114
7124102,3123
7124103,7114
7124104,7114
7124105,3123
7124106,7114
7124107,7114
7125101,7115
7125102,7115
7125103,7115
7125104,7115
7125105,7115
7125106,7115
7125107,7115
7125108,7115
7125109,3123
7125110,7115
7125111,7115
7125112,7115
7125113,7115
7125114,7115
7125115,3123
7126101,3123
7126102,9312
7126103,9312
7126104,9312
7126105,3123
7126106,8342
7126107,3123
7126108,3123
7126109,3123
7126110,8342
7126111,8342
7126112,8342
7126113,8342
7126114,8342
7126115,9312
7126116,9312
7126117,3123
7126118,8342
7126119,3123
7126120,3123
7126121,3123
7127101,7542
7127102,7542
7127103,3123
7127104,3123
7127105,7542
7127106,7542
7127107,7542
7127108,3123
7127109,7542
7127110,7542
7127111,3123
7127112,7542
7127113,7542
7127114,7542
7127115,7542
7127116,7542
7128101,7119
7128103,7119
7128104,7119
7128105,7119
7128106,7119
7128107,3123
7128108,7119
7128109,7119
7128110,7119
7128111,7119
7128112,7119
7128113,7119
7128114,7119
7129102,6113
7129103,6113
7129104,6113
7129105,6113
7129106,6113
7129107,7114
7129108,6113
7129109,6113
7129110,3123
7129111,6113
7129112,6113
7129113,6113
7129114,6113
7131101,7121
7131102,7121
7131103,7121
7131104,3123
7131105,7121
7131106,7121
7131107,7121
7132101,7124
7132102,7124
7132103,7124
7132104,7124
7132105,7124
7132106,3123
7132107,7124
7132108,7124
7132109,7124
7132110,7124
7132111,7124
7133101,7125
7133102,7125
7133103,7125
7133104,7125
7133105,7125
7133106,7125
7133107,7125
7133108,7125
7133109,3123
7133110,7125
7133111,7125
7133112,7125
7133113,7125
7133114,7125
7134101,7126
7134102,7127
7134103,7126
7134104,7126
7134105,7126
7134106,7126
7134107,7126
7134108,7126
7134109,7127
7134112,7126
7134113,7126
7134114,7126
7134115,7126
7134116,7126
7134117,3123
7134118,7126
7134119,7126
7134120,7126
7134121,7126
7134122,7127
7134123,7127
7134124,7126
7134125,7127
7134126,3123
7141101,7131
7141102,7131
7141103,7131
7141104,7131
7141105,7131
7141106,7131
7141107,3123
7141108,7131
7141109,7131
7141110,7131
7141111,7131
7141112,7122
7141113,7131
7141114,7123
7142101,7132
7142102,7132
7142103,7132
7142104,7132
7142106,7132
7142107,7132
7142108,7132
7142109,7132
7142110,7132
7142111,7132
7142112,7132
7142113,7132
7142114,7132
7142115,7132
7142116,7132
7142117,7132
7142118,3123
7142119,7132
7142120,7132
7142121,7132
7142122,7132
7142123,3123
7142124,3123
7142125,7132
7142126,7132
7142127,3123
7142128,7132
7142129,7132
7143101,7133
7143102,7133
7143103,7133
7143104,3123
7143105,7133
7144101,7133
7144102,7133
7144103,7133
7144104,7133
7144105,7133
7144106,7133
7144107,7133
7144108,7133
7144109,3123
7144110,7133
7144111,7133
7144112,7133
7144113,7133
7211101,7211
7211102,7211
7211103,7211
7211104,7211
7211105,7211
7211106,7211
7211107,7211
7211108,7211
7211109,7211
7211110,7211
7211111,7211
7211112,3123
7211113,7211
7211114,7211
7212101,7212
7212102,7212
7212103,7212
7212106,7212
7212107,7212
7212108,7212
7212109,7212
7212110,7212
7212111,7212
7212112,3122
7212113,7212
7212114,7212
7212115,7212
7212116,7212
7212117,7212
7212118,7212
7212119,7212
7212120,7212
7212121,7212
7212122,7212
7213101,7213
7213102,7213
7213103,7213
7213104,7213
7213105,7126
7213106,7213
7213107,7213
7213108,3122
7213109,7213
7213110,7213
7213111,7213
7214101,7214
7214102,7214
7214103,7214
7214105,7214
7214106,7214
7214107,3122
7214108,7214
7214109,7214
7214110,7214
7214111,7214
7214112,7214
7215101,7215
7215102,7215
7215103,7215
7215104,7215
7215105,3122
7215106,7215
7215107,7215
7215108,7215
7215109,7215
7215110,3123
7215111,7215
7216101,7541
7216102,7541
7216103,7541
7216104,7541
7216105,7541
7216106,7541
7216107,7541
7216108,7541
7216109,7541
7216110,7541
7216111,7541
7216112,7541
7216113,7541
7216114,7541
7216115,7541
7217101,7213
7217102,7213
7217103,7213
7217104,7213
7217105,7213
7217106,7213
7217107,7213
7217108,7213
7217109,3122
7217110,7213
7217111,7213
7217112,7213
7217113,7213
7217114,7213
7217115,7213
7221101,7221
7221102,7221
7221103,7221
7221104,7221
7221105,7221
7221106,7221
7221107,7221
7221108,7221
7221109,7221
7221110,3122
7221111,7221
7222101,7222
7222102,7222
7222103,7222
7222104,7222
7222105,7222
7222106,3122
7222108,7234
7222109,7222
7222110,7222
7222111,7234
7231101,7231
7231102,7231
7231103,7231
7231104,7231
7231105,7231
7231106,7231
7231108,7231
7231109,7231
7231110,7231
7231111,7231
7231112,7412
7231113,7231
7231114,7231
7231115,7231
7231116,7231
7231121,7231
7231122,7231
7231123,3122
7231124,7231
7231125,7231
7231126,7231
7231127,7231
7231128,7231
7231129,7231
7232101,7232
7232102,7232
7232103,7232
7232104,7232
7232105,7232
7232106,7232
7232107,7232
7232108,7232
7232109,7232
7232110,7232
7232111,7232
7232112,7232
7232113,3122
7232114,7232
7232115,7232
7232116,7232
7232117,3155
7233101,7233
7233102,7233
7233103,7233
7233104,7233
7233105,7233
7233106,3115
7233107,7233
7233108,7233
7233109,7233
7233110,7233
7233111,7233
7234101,7233
7234104,7233
7234106,7233
7234107,7233
7234108,7233
7234109,3122
7234110,7233
7234111,7233
7234112,7233
7235101,7233
7235102,7412
7235103,7412
7235104,7412
7235105,7412
7235106,7412
7235107,3122
7235108,7412
7235109,7412
7235110,7412
7235111,7412
7236101,7311
7236102,7311
7236103,7311
7236104,7311
7236105,3122
7236106,7311
7236107,7311
7236108,3119
7237101,7233
7237102,7233
7237103,7233
7237104,7233
7237105,7233
7237106,7233
7237107,7233
7237108,7233
7237109,3122
7237110,7233
7237111,7233
7237112,7233
7237113,8211
7237114,3122
7237115,7233
7237116,7233
7237117,8211
7237118,7233
7237119,7233
7237120,7233
7237121,8211
7237122,8211
7237123,3122
7237124,3122
7241101,7411
7241102,7411
7241103,7411
7241104,7413
7241105,7411
7241106,7412
7241107,7412
7241109,7411
7241110,7412
7241111,7411
7241112,7411
7241113,7411
7241114,7412
7241115,7412
7241116,7412
7241117,7412
7241118,3114
7241119,7411
7241120,7411
7241121,7412
7241122,7411
7241123,7411
7241124,7412
7241125,7412
7241126,7412
7241127,7412
7241128,7412
7241129,7412
7241130,7412
7241131,7412
7241132,3123
7241133,8131
7241134,7411
7241135,3123
7241136,7411
7241137,7411
7241138,7412
7241139,7411
7241140,7411
7241141,7412
7241142,7127
7241143,7126
7241144,7411
7241145,7411
7241146,7422
7241147,7411
7241148,7127
7241149,7411
7241150,7421
7241151,7421
7241152,7421
7241153,7421
7241154,7421
7241155,7421
7241156,7421
7241157,7421
7241158,7412
7241159,3123
7241160,7127
7241161,7412
7241162,7412
7241163,7412
7242101,7422
7242102,7422
7242103,7422
7242104,7421
7242105,7422
7242106,7421
7242107,7422
7242108,7422
7242109,7422
7242110,7421
7242111,7422
7242112,7422
7242113,7421
7242114,7421
7242115,7422
7242116,7422
7242117,7422
7242118,7422
7242119,3123
7242120,7422
7242121,7422
7242122,7422
7242123,7422
7242124,7422
7242125,7422
7242126,7422
7242127,7422
7242128,7422
7242129,7422
7242130,7421
7242131,7421
7243101,7412
7243102,7412
7243103,7412
7243104,7413
7243105,7413
7243106,7412
7243107,7412
7243108,8212
7243109,3122
7243110,8212
7243111,7412
7244101,7413
7244102,7413
7244103,7413
7244104,7413
7244105,7413
7244106,7413
7244107,7413
7244108,3123
7244109,7413
7311101,7311
7311102,7311
7311103,7311
7311104,7311
7311105,7311
7311106,7311
7311107,7311
7311108,3259
7311109,8154
7311110,3214
7311111,3214
7311112,7311
7311113,7311
7311114,8154
7311115,7311
7311116,3214
7311117,3214
7311118,3214
7311119,3214
7311120,7311
7311121,7311
7311122,7311
7311123,3122
7311124,8154
7311125,7311
7311126,3214
7311127,7311
7311128,7311
7311129,3214
7311130,7311
7311131,3214
7312101,7312
7312102,7312
7312103,7312
7312104,7312
7312105,7312
7312106,7312
7312107,7312
7312108,7312
7312109,7312
7312110,7312
7312111,7312
7312112,7312
7312113,7312
7312114,7312
7312115,7312
7312116,7312
7312117,3122
7312118,7312
7313101,7313
7313102,7313
7313103,7313
7313104,7313
7313105,7313
7313106,7313
7313107,7313
7313108,7313
7313109,7313
7313110,7313
7313111,7313
7313112,7313
7313113,7313
7313114,7313
7313115,7313
7313116,7313
7313117,7313
7313118,7313
7313119,7313
7313120,7313
7313121,7313
7313122,3122
7313123,7313
7313124,7313
7313125,7313
7313126,7313
7321101,7314
7321102,7314
7321103,7314
7321104,7314
7321105,7314
7321106,7314
7321107,7314
7321108,7314
7322101,7315
7322102,7315
7322103,7315
7322104,7315
7322105,7315
7322106,7315
7322107,7315
7322108,7315
7322109,7315
7322110,7316
7322111,7315
7322112,7315
7322113,7315
7322114,7316
7322115,7316
7322116,7315
7322117,7315
7322118,7315
7331101,7317
7331102,7317
7331103,7317
7331104,7317
7332101,7318
7332102,7318
7332103,7318
7332104,7318
7341101,7321
7341102,7321
7341103,7322
7341104,7322
7341105,7321
7341106,7321
7341107,7321
7341108,7321
7341109,7321
7341110,7321
7341111,7321
7341112,7321
7341113,7321
7341114,7321
7341115,7322
7341116,7322
7341117,3122
7341118,7321
7341119,7321
7341120,7321
7341121,7321
7341122,7321
7341123,7321
7342101,3431
7342103,3431
7342104,3431
7342106,3431
7342107,3431
7342108,3431
7342109,3431
7342110,3431
7342111,3431
7342112,3431
7342114,3431
7342115,3431
7342116,3431
7342117,3431
7342118,3521
7350101,3118
7350102,3118
7350103,3118
7350104,3118
7350105,3118
7350106,3118
7350107,3118
7350108,3118
7350109,3118
7350110,3118
7350111,3118
7350112,3118
7350113,3118
7350114,3118
7350115,3118
7350116,3118
7350117,3118
7350118,3118
7350119,3118
7350120,3118
7350121,3118
7350122,3118
7350123,3118
7350124,3118
7350125,3118
7411102,7511
7411103,7511
7411104,7511
7411105,7511
7411106,7511
7411107,7511
7411108,7511
7411109,7511
7411110,7511
7411111,7511
7411112,7511
7411113,3122
7411114,7511
7411115,7511
7411116,7511
7411117,7511
7411118,7511
7411119,7511
7411120,7511
7411121,7511
7412101,7512
7412102,7512
7412104,7512
7412105,7512
7412106,7512
7412107,7512
7412108,7512
7412109,7512
7412110,7512
7412111,7512
7412112,7512
7413101,7515
7413102,7515
7413103,7515
7413104,7515
7413105,7515
7413106,7515
7413107,7515
7419101,8160
7419102,7514
7419103,7513
7419104,8160
7419105,7513
7419106,7513
7419107,7514
7419108,7514
7421101,7122
7421102,7122
7421103,7122
7421104,7115
7421105,7522
7421106,7115
7421107,7115
7421108,7115
7421109,7115
7421110,3122
7421111,7115
7421112,7115
7421113,7115
7421114,7115
7421115,7115
7421116,7522
7421117,7549
7421118,7115
7421119,7115
7421120,7115
7421122,7115
7421123,7115
7421124,3122
7421125,7115
7421126,7115
7421127,8219
7421128,7522
7421129,7522
7421130,7115
7421131,7522
7421132,7115
7421133,7522
7421134,7522
7421135,7122
7421136,7115
7421137,7549
7422101,7115
7422102,3123
7422103,7115
7422104,7115
7422105,3122
7423101,7317
7423102,7317
7423103,7317
7423104,7317
7423105,7317
7423106,7317
7423107,7317
7423108,7317
7431101,7318
7431102,7318
7431103,7318
7431104,7318
7431105,7318
7431106,7318
7431107,7318
7431108,7318
7431109,7318
7431110,7318
7431111,7318
7431112,7318
7431113,7319
7431114,7318
7432101,7531
7432102,7531
7432103,7531
7432104,7531
7432105,7531
7432106,7531
7432107,7531
7432108,7531
7432109,7531
7432110,2163
7432111,7531
7432112,7531
7432113,7531
7432114,7531
7432115,7531
7432116,7531
7432117,7531
7432118,7531
7432119,7531
7432120,7531
7432121,7531
7433101,7531
7433102,7531
7433103,7531
7433104,7531
7433105,7531
7433106,7531
7434101,7532
7434102,7532
7434103,7532
7434104,7532
7434105,7532
7434106,7532
7434107,7532
7435101,7531
7435102,7531
7435103,7531
7435104,7531
7435105,7531
7435106,7531
7436101,7534
7436102,7534
7436103,7534
7436104,7534
7436105,7534
7436106,7534
7436107,7534
7436108,7534
7436109,3122
7436110,7534
7436111,7534
7436112,7534
7436113,7534
7436114,7534
7441101,7535
7441102,7535
7441103,7535
7441104,7535
7441105,7535
7441106,7535
7441107,7535
7441108,7535
7441109,7535
7441110,7535
7441111,7535
7441112,7535
7441113,7535
7441114,7535
7441115,7535
7441116,7535
7442101,7536
7442102,7536
7442103,7536
7442104,7536
7442105,7536
7442106,7536
7442107,7536
7442108,7536
7443101,3433
7450101,3117
7450102,3212
7450103,3141
7450104,3212
7450105,3141
7450106,3116
7450107,3116
7450108,3116
7450109,3116
7450110,3116
7450111,3117
7450112,3117
7450113,3117
7450114,3117
7450115,3141
7450116,3141
7450117,3141
7450118,3212
7450119,3212
7450120,3212
7450121,3212
7450122,7543
7450123,7549
8111101,8111
8111102,8111
8111103,8111
8111104,8111
8111105,8111
8111106,8111
8111107,8111
8111108,8111
8111109,3121
8111110,8111
8111111,8111
8111112,8111
8111113,8111
8111114,3121
8112101,8112
8112102,8112
8112103,8112
8112104,3121
8112105,8112
8112106,8112
8113101,8113
8113102,8113
8113103,8113
8113104,8113
8113105,8113
8113108,8113
8113110,3134
8113111,8113
8113112,8113
8113113,8113
8113114,8113
8113115,8113
8113116,8113
8113117,8113
8113118,8113
8113119,8113
8113120,8113
8113121,8113
8113122,8113
8113123,8113
8113124,8113
8113125,8113
8113126,8113
8113127,8113
8113128,8113
8113129,8113
8113130,3134
8113131,3134
8113132,3134
8113133,8113
8113134,8113
8113135,8113
8113136,8113
8113137,8113
8113138,8113
8114101,8113
8114102,8113
8114103,8113
8114104,8113
8114105,8113
8114106,8113
8114107,8113
8114108,8113
8114109,8113
8114110,8113
8114111,8113
8114112,8113
8121101,8121
8121102,8121
8121103,8121
8121104,8121
8121105,8121
8121106,8121
8121107,8121
8121108,8121
8121109,8121
8121110,8121
8121111,8121
8121112,3139
8121113,3122
8121114,8121
8121115,8121
8121116,8121
8121117,8121
8121118,8121
8121119,8121
8122101,8121
8122102,8121
8122103,8121
8122104,8121
8122105,8121
8122107,8121
8122108,8121
8122109,3135
8122110,8121
8122111,8121
8131101,7314
8131102,8181
8131103,8181
8131104,8181
8131105,8181
8131107,7316
8131108,8181
8131109,8181
8131110,8181
8131111,8181
8131112,3122
8131113,3122
8131114,8181
8131115,8181
8131116,8181
8131117,8181
8131118,8181
8131119,8181
8131120,8181
8131121,8181
8131122,8181
8131123,8181
8131124,7316
8132101,8181
8132102,8181
8132103,8181
8132104,8181
8132105,3122
8132106,8181
8132107,8181
8132108,8181
8132109,8181
8132110,8181
8132111,8181
8132112,8181
8132113,8181
8139101,8181
8139102,8181
8139103,8181
8139104,8181
8139105,8181
8139106,8181
8139107,8181
8139108,8181
8141101,8171
8141102,8171
8141103,8172
8141104,8172
8141105,8172
8141106,8172
8141107,8172
8141108,8172
8141109,8172
8141110,8172
8141111,8172
8141112,8172
8141113,8172
8141114,8172
8141115,8172
8141116,8172
8141117,8172
8141118,8172
8141119,8172
8141120,8172
8141121,8172
8141122,8171
8141123,8171
8141124,8171
8141125,3122
8141126,8171
8141127,8172
8141128,8171
8141129,8172
8141130,8172
8141131,8172
8141132,8172
8141133,3122
8141134,3122
8141135,8171
8141136,8171
8141137,8171
8141138,8171
8142101,8171
8142102,8171
8142103,8171
8142104,8171
8142105,8171
8142106,8171
8142107,8171
8142109,8171
8142110,8171
8142111,8171
8142112,8171
8142113,8171
8142114,8171
8142115,8171
8142116,8171
8142117,3122
8142118,3122
8142119,3122
8142120,8171
8142121,8171
8142122,8171
8142123,8171
8142124,8171
8142125,8171
8142126,8171
8142127,8171
8142128,8171
8142129,8171
8142130,8171
8142131,8171
8142132,8171
8142133,8171
8142134,8171
8142135,8171
8142136,8171
8142137,8171
8142138,8171
8142139,8171
8142140,8171
8142141,8171
8142142,8171
8142143,8171
8142144,8171
8142145,8171
8142146,8171
8142147,3139
8142148,3139
8143101,8171
8143102,8171
8143103,8171
8143104,3122
8143105,8171
8143106,8171
8143107,8171
8143108,8171
8143109,8171
8143110,8171
8151101,3134
8151102,3134
8151103,3134
8151104,3134
8151105,3134
8151106,3134
8151107,3134
8151108,3134
8151109,3134
8151110,3134
8151111,3134
8151112,3134
8151113,3134
8151114,3134
8151115,3134
8159101,8131
8159102,8131
8159103,8131
8159104,8131
8159105,8131
8159106,8131
8159107,8131
8159108,8131
8159109,8131
8159110,8131
8159111,8131
8159112,8131
8159113,8131
8159114,8131
8159115,8131
8159116,8131
8159117,8131
8159118,8131
8159119,8131
8159120,8131
8159121,8131
8159122,8131
8159123,8131
8159124,8131
8159125,8131
8159126,8131
8159127,8131
8159128,8131
8159129,8131
8159130,8131
8159131,8131
8159132,8131
8159133,8131
8159134,8131
8159135,8160
8159137,8131
8159138,8131
8159139,8131
8159140,8131
8159141,8131
8159142,8114
8159143,8131
8159144,8114
8159145,8131
8159146,8131
8159147,3133
8159148,8131
8161101,3131
8161102,5419
8161103,7412
8161105,3131
8161106,3131
8161107,3131
8161108,3131
8161109,3131
8161110,3131
8161111,3131
8161112,3131
8161113,3131
8161114,3131
8161115,3131
8162101,8182
8162102,8182
8162103,8182
8162104,8182
8162105,8182
8162106,8182
8162107,8182
8162108,8182
8162109,8182
8162110,3521
8162111,8182
8162112,8182
8162113,8182
8162114,8182
8162115,7127
8162116,8182
8162117,8182
8162118,8182
8162119,8182
8162120,8182
8162121,8182
8211101,8121
8211102,8121
8211103,8121
8211104,8121
8211105,3135
8211106,8121
8211107,8121
8211108,8121
8211109,8121
8211110,8121
8211111,7211
8211112,3135
8211113,8121
8211114,3135
8211115,8121
8211116,8121
8211117,8121
8211118,3135
8211119,8121
8211120,8121
8211121,3135
8211122,8121
8212101,7222
8212102,7222
8212103,7222
8212104,7222
8212105,7222
8212106,3122
8212107,7222
8212108,7223
8212109,7222
8213101,7223
8213102,7223
8213103,7224
8213104,7223
8213105,7223
8213106,7223
8213107,3122
8213108,7223
8213109,7223
8213110,7223
8213111,7223
8213112,7223
8213113,7224
8213114,7224
8213115,7223
8213117,7223
8213118,7223
8213119,7223
8213120,7223
8213121,7224
8213122,7224
8213123,7224
8213124,7224
8214101,8114
8214102,8114
8214103,8114
8214104,8114
8214105,8114
8214106,8114
8214107,3122
8214108,8114
8214109,8114
8214110,8114
8214111,8114
8214112,8114
8221101,8131
8221102,8131
8221103,8131
8221104,3133
8221105,8131
8221106,8131
8222101,8131
8222102,8131
8222103,8131
8223101,8141
8223102,8141
8223103,8141
8223104,8141
8223105,8141
8223106,8141
8223107,8141
8223108,8141
8223109,3133
8223110,8141
8223111,8141
8223112,8141
8223113,8141
8223114,8141
8223115,8141
8223116,8141
8223117,8141
8224101,8142
8224102,8142
8224103,8142
8224104,8142
8224105,8142
8224106,8142
8224107,8142
8224108,3133
8224109,8142
8224110,8142
8224111,8142
8224112,8142
8224113,8142
8224115,8142
8224116,8142
8224117,8142
8224118,8142
8224119,8142
8224120,8142
8224121,8142
8224122,8142
8224123,8142
8224124,8142
8224125,8142
8224126,8142
8225101,8131
8225102,8131
8225103,3133
8225104,8131
8225105,8131
8229101,8131
8229102,8131
8229103,8131
8229104,8131
8229105,8131
8229106,8131
8229107,8131
8229108,8131
8229109,3133
8229110,8131
8229111,8131
8251101,7322
8251102,7322
8251103,7322
8251104,7322
8251105,7322
8251106,7322
8251107,7322
8251108,7322
8251109,7322
8251110,7322
8251111,7322
8251112,7322
8251113,3122
8251114,7322
8251116,7322
8251117,7322
8251118,7322
8251119,7322
8251120,8183
8251121,7322
8251122,7322
8251123,7322
8251124,7323
8251125,7322
8251126,7322
8251127,8183
8252101,7323
8252102,7323
8252103,7323
8252104,7323
8252105,7323
8252106,7323
8252107,3122
8252108,7323
8252109,7323
8252111,7323
8252112,7323
8253101,8143
8253102,8143
8253103,8143
8253104,3133
8253105,8143
8253106,8143
8254101,8132
8254102,8132
8254103,8132
8254104,8132
8254105,8132
8254106,8132
8254107,8132
8254108,8132
8254109,8132
8254110,8132
8254111,8132
8254112,8132
8261101,8151
8261102,8151
8261103,8151
8261104,3133
8261105,8151
8261109,8151
8261110,8151
8262101,8152
8262102,8152
8262103,8152
8262104,3122
8262105,8152
8262106,8152
8262107,8152
8262108,8152
8262109,8152
8262110,8152
8263101,8153
8263102,8153
8263103,8153
8263104,8153
8263105,3122
8263106,8153
8263107,8153
8263108,8153
8263109,8153
8263110,8153
8263111,8153
8263112,8153
8263113,8153
8263114,8153
8264101,7319
8264102,7543
8264103,8152
8264104,3122
8264105,8152
8264106,8152
8264107,8152
8264108,8152
8264109,8151
8264110,8152
8264111,8152
8264112,8152
8264113,8152
8264114,8152
8264115,8152
8264116,8152
8265101,7532
8265102,7532
8265103,7532
8265104,3122
8265105,7532
8265106,7532
8266101,8154
8266102,8157
8266103,8157
8266104,8157
8266105,8157
8266106,8154
8266107,8154
8266108,8154
8266109,8157
8266110,8157
8266111,8157
8266113,8157
8266114,3139
8266115,8157
8266116,8157
8266117,8157
8266118,8157
8266119,8157
8266120,3139
8266121,8157
8266122,8154
8266123,8154
8266124,8157
8266125,8157
8267101,8156
8267102,8156
8267103,8156
8267104,8156
8267105,3122
8267106,8156
8267107,8156
8267108,8156
8267109,8156
8267110,8156
8267111,8156
8267112,8156
8267113,8156
8267114,8156
8267115,8156
8267116,8156
8267117,8156
8269101,8155
8269102,7543
8269103,8155
8269104,8159
8269105,8159
8271101,8183
8271102,8183
8271103,8183
8271104,8183
8271105,8183
8271106,8160
8271107,8160
8271108,8160
8271109,8160
8271110,8160
8271111,3122
8271112,8160
8271113,8160
8271114,8160
8271115,8160
8271116,8183
8271117,8160
8271118,8160
8271119,8160
8271120,8160
8271121,8160
8271122,8160
8272101,3256
8272102,8160
8272103,8183
8272104,8183
8272105,8183
8272106,8183
8272107,8160
8272108,8160
8272109,3122
8272110,8160
8272111,8183
8272112,8183
8272113,8160
8272114,8160
8272115,8160
8272116,8160
8272117,8160
8272118,8160
8272119,8183
8272120,3122
8272121,8160
8272122,3122
8272123,8160
8272124,3122
8273101,8160
8273102,8160
8273103,8160
8273104,8160
8273105,8160
8273106,8183
8273107,8183
8273108,8160
8273109,8183
8273110,8160
8273111,3122
8273112,8160
8273113,8183
8273114,8160
8273115,8183
8273116,8160
8273118,8160
8273119,8160
8273120,8160
8273121,8160
8273122,8160
8274101,8160
8274102,8160
8274103,8160
8274104,8160
8274105,8183
8274106,8160
8274107,3122
8274108,8160
8274109,8160
8274110,8183
8274111,8183
8274112,8160
8274113,8160
8274115,8160
8274116,8160
8274117,8160
8274118,8160
8274119,3122
8274120,8160
8274121,8160
8275101,8160
8275102,8160
8275103,8160
8275104,8183
8275105,8183
8275106,8160
8275107,8160
8275108,3122
8275109,8160
8275110,8183
8275111,8160
8275113,8160
8275114,8160
8275115,8160
8276101,8160
8276102,8160
8276103,8160
8276104,8183
8276105,8183
8276106,8160
8276107,3122
8276108,8160
8276109,8160
8276110,8183
8276111,8183
8276112,8160
8276113,8160
8276114,8183
8276119,8160
8276120,8183
8277101,8160
8277102,8160
8277103,8160
8277104,8160
8277105,8183
8277106,8160
8277107,8183
8277109,8160
8277110,8160
8277111,8160
8277112,8160
8277113,8160
8277114,8183
8277115,8160
8277116,8160
8277117,8183
8277118,8160
8277119,8160
8277120,3122
8277121,8160
8277122,8160
8277123,8160
8277124,8183
8277125,8160
8277126,8160
8277127,8160
8277128,8160
8277129,8160
8277130,8160
8277134,8160
8277135,8160
8277136,8160
8277137,3122
8277138,8160
8277139,8160
8277140,8160
8279101,8160
8279102,8160
8279103,8160
8279104,8183
8279105,8183
8279106,8160
8279107,3122
8279108,8160
8279110,8183
8279111,8183
8279112,8160
8279113,8160
8279114,8160
8279115,8160
8279116,8160
8279117,8160
8279119,8183
8279120,8160
8279121,8183
8279122,8160
8279123,8160
8279124,8160
8281101,8211
8281102,3122
8281103,8211
8281104,8211
8281105,8211
8281106,3122
8282101,8212
8282102,8212
8282103,8212
8282104,8212
8282105,8212
8282106,8212
8282107,3122
8282108,8212
8282109,8212
8282110,8212
8282111,8212
8282112,8212
8311101,8311
8311102,8311
8311103,8311
8311104,8311
8311105,8311
8311106,8311
8312101,8312
8312102,8312
8312103,8312
8312104,8312
8312105,8312
8312106,8312
8312107,8312
8321101,8322
8321102,8322
8321103,8322
8321104,8322
8321105,8322
8321106,8322
8321107,8322
8321109,8322
8321110,8322
8321111,8322
8321112,8322
8321113,8322
8321114,8322
8321115,8322
8321116,8322
8322101,8331
8322102,8331
8322103,8311
8322104,8331
8322105,8331
8322106,8331
8322107,8311
8322108,8331
8322109,8331
8322110,8331
8323101,8332
8323102,8332
8323103,8332
8323104,8332
8323105,8332
8323106,8331
8323107,8332
8323108,8332
8323109,8332
8323110,8332
8323111,8332
8323112,8332
8323113,8332
8331101,8342
8331102,8342
8331103,8342
8331104,8342
8331105,8342
8331106,8342
8331107,8342
8331108,8342
8331109,8342
8331110,8342
8331111,8342
8331112,8342
8331113,8342
8331114,8342
8331115,8342
8331116,8342
8331117,8342
8331118,8342
8331119,8342
8331120,8342
8331121,3123
8331122,8342
8331123,8342
8331124,8342
8331125,8342
8331126,8342
8331127,8342
8331128,8342
8332101,8343
8332102,8343
8332103,8343
8332104,8343
8332105,8343
8332106,8343
8332107,8343
8332108,8343
8332109,8343
8332110,8343
8332111,8343
8332112,8343
8332113,8343
8332114,8343
8332115,8343
8333101,8344
8341101,8350
8341102,8350
8341103,7115
8341104,8350
8341105,8350
8341106,8350
8341107,8350
8341108,8350
8341109,8350
8342101,7233
8342102,7233
8342103,7233
8342104,7233
8342105,7233
8342106,7233
8342107,8350
8342109,7233
8342110,7233
8342111,7233
8342112,8182
8342113,7233
8342114,8350
8342115,7233
8342116,7233
9120101,5249
9120102,9613
9120104,9622
9120105,9622
9120106,9622
9131101,9111
9131102,9111
9131103,9111
9131104,9111
9132101,9112
9132102,9112
9132103,9112
9132105,9112
9132106,5151
9132107,9112
9132108,9112
9132109,5151
9132110,9112
9132111,9112
9132112,9112
9132113,9112
9132115,9112
9132116,9112
9132117,9112
9132118,9112
9132119,9129
9132120,9112
9132121,9112
9132122,9112
9132123,9112
9132124,9112
9132125,9112
9132126,9112
9132127,9112
9132128,9112
9132129,9112
9132130,9112
9132131,9112
9132132,9112
9132133,9112
9132134,9112
9132135,9129
9132136,9129
9132137,9112
9133101,9412
9133102,9412
9133103,9412
9133104,9412
9133105,9412
9133106,9412
9133107,9412
9133108,9412
9133109,9412
9133110,9412
9133111,9412
9133112,9412
9133113,9412
9133114,9412
9133115,9412
9133116,9412
9133117,9412
9133118,9412
9133119,9412
9133120,9412
9133121,9412
9133122,9412
9133123,9412
9133124,9412
9141101,9123
9142101,9122
9142102,9122
9142103,9122
9142104,5245
9142105,9122
9142106,9122
9142107,9122
9142108,9122
9142109,9122
9142110,9122
9151101,9621
9151102,9621
9151103,9313
9151104,9621
9151105,9621
9151106,9621
9151107,9621
9151108,9621
9151109,9621
9151110,9331
9151111,9331
9151112,9510
9152101,5419
9152102,9622
9152103,4411
9152104,9629
9152105,5419
9152106,9629
9152107,9629
9152108,9629
9152109,5419
9152110,5419
9152111,5419
9152113,9629
9152114,4411
9152115,5419
9152116,9629
9152117,9629
9152118,9629
9152119,9629
9152120,5419
9152121,5419
9152122,5419
9152123,5419
9152124,9629
9152125,5419
9152126,9629
9152127,5419
9152128,5419
9152129,9629
9152130,5419
9152131,9629
9152132,5419
9152133,9629
9152134,9629
9153101,9623
9153102,9623
9153103,9510
9153104,9623
9153105,9623
9153106,9334
9153107,9334
9153108,9623
9160101,9611
9160102,9611
9160103,9611
9160104,9611
9160105,9611
9160106,9611
9160107,9611
9160108,9611
9160109,9611
9160110,9611
9160111,7544
9160113,9612
9160114,9612
9160115,9611
9160116,9611
9160117,9612
9160118,9612
9160119,9612
9160120,7544
9160121,9613
9160122,9622
9160123,9611
9160124,9611
9210101,9211
9210102,9211
9210103,9211
9210104,9213
9210105,9211
9210106,9214
9210107,9215
9210108,9211
9210109,9211
9210110,9212
9210111,9212
9210112,9216
9210113,9212
9210114,9214
9210115,9211
9210116,9211
9210117,9211
9210118,9212
9210119,9212
9210120,9213
9210121,9212
9210122,9213
9210123,9214
9210124,9214
9210125,9215
9210126,9216
9210127,9216
9310101,9312
9310102,9313
9310103,9622
9310105,9312
9310106,9312
9310107,9312
9310108,9622
9310109,8113
9310110,9311
9310111,9311
9310112,9313
9320101,9329
9320102,9329
9320103,9329
9320105,9321
9320109,9329
9320110,9329
9320111,9329
9320112,9321
9320113,9311
9320114,9329
9330101,9333
9330102,9333
9330103,9333
9330104,9333
9330105,9333
9330106,9333
9330107,9333
9330108,9334
9330109,9334
9330110,9333
9330111,9333
9330112,9333
9330113,9333
9330114,9333
